price,volume,time,timestamp,type,order_type,trade_id
103529.9,1.961e-05,2025-05-14 03:43:57,1747194237.7032783,sell,limit,83033815
103530.0,0.00350598,2025-05-14 03:44:01,1747194241.360837,buy,market,83033816
103530.0,0.01440475,2025-05-14 03:44:02,1747194242.990641,buy,limit,83033817
103530.0,0.0005325,2025-05-14 03:44:11,1747194251.1030343,buy,market,83033818
103529.9,0.000558,2025-05-14 03:44:27,1747194267.0201256,sell,limit,83033819
103529.9,0.000135,2025-05-14 03:44:59,1747194299.7318156,sell,limit,83033820
103530.0,0.00175794,2025-05-14 03:45:45,1747194345.6254897,buy,market,83033821
103530.0,0.94267294,2025-05-14 03:45:46,1747194346.4041553,buy,limit,83033822
103530.0,0.00024237,2025-05-14 03:45:48,1747194348.951023,buy,limit,83033823
103530.0,0.0180624,2025-05-14 03:45:51,1747194351.6251767,buy,market,83033824
103529.9,0.000308,2025-05-14 03:45:56,1747194356.1458719,sell,limit,83033825
103530.0,0.00047117,2025-05-14 03:46:01,1747194361.5485468,buy,limit,83033826
103530.0,0.97925798,2025-05-14 03:46:02,1747194362.0886374,buy,limit,83033827
103535.1,0.01074202,2025-05-14 03:46:02,1747194362.0886374,buy,limit,83033829
103530.0,0.01,2025-05-14 03:46:02,1747194362.0886374,buy,limit,83033828
103535.1,0.00090465,2025-05-14 03:46:15,1747194375.4843702,buy,limit,83033830
103535.0,5.207e-05,2025-05-14 03:46:22,1747194382.906419,sell,limit,83033831
103535.1,0.00019032,2025-05-14 03:46:22,1747194382.9301012,buy,limit,83033832
103535.1,0.00017904,2025-05-14 03:46:37,1747194397.293639,buy,limit,83033833
103535.0,0.001,2025-05-14 03:46:46,1747194406.6558347,sell,limit,83033834
103535.1,0.00772685,2025-05-14 03:46:49,1747194409.4562495,buy,market,83033835
103535.0,0.00193181,2025-05-14 03:47:00,1747194420.2468388,sell,limit,83033836
103535.0,0.002449,2025-05-14 03:47:35,1747194455.8139443,sell,market,83033837
103535.1,7.289e-05,2025-05-14 03:47:37,1747194457.0373082,buy,limit,83033838
103535.1,0.00033805,2025-05-14 03:48:06,1747194486.5902371,buy,market,83033839
103535.1,0.00112095,2025-05-14 03:48:12,1747194492.3472433,buy,limit,83033840
103535.1,0.00018846,2025-05-14 03:48:21,1747194501.654105,buy,limit,83033841
103535.1,0.00018528,2025-05-14 03:48:27,1747194507.8236015,buy,limit,83033842
103540.2,0.00326268,2025-05-14 03:48:40,1747194520.4377925,buy,market,83033845
103535.2,0.00048951,2025-05-14 03:48:40,1747194520.4377925,buy,market,83033843
103535.2,0.00011107,2025-05-14 03:48:40,1747194520.4377925,buy,market,83033844
103540.2,0.00460501,2025-05-14 03:48:42,1747194522.030289,buy,limit,83033846
103540.2,0.00117756,2025-05-14 03:49:01,1747194541.2157288,buy,market,83033847
103540.1,0.03,2025-05-14 03:49:03,1747194543.2564397,sell,limit,83033848
103540.1,1.377e-05,2025-05-14 03:49:03,1747194543.4897666,sell,limit,83033849
103540.2,0.0002203,2025-05-14 03:49:16,1747194556.0098126,buy,limit,83033850
103540.1,0.10661613,2025-05-14 03:49:16,1747194556.0178952,sell,limit,83033851
103540.2,0.00273843,2025-05-14 03:49:22,1747194562.286391,buy,limit,83033852
103540.2,0.00010286,2025-05-14 03:49:56,1747194596.1389973,buy,market,83033853
103540.2,0.01003958,2025-05-14 03:49:59,1747194599.8714566,buy,market,83033854
103540.2,8.829e-05,2025-05-14 03:50:02,1747194602.5462885,buy,limit,83033855
103540.2,0.00062689,2025-05-14 03:50:03,1747194603.9596484,buy,market,83033856
103540.1,0.000171,2025-05-14 03:50:22,1747194622.8841097,sell,market,83033857
103540.2,0.00094225,2025-05-14 03:50:58,1747194658.2183607,buy,limit,83033858
103540.2,0.00107612,2025-05-14 03:51:01,1747194661.0320237,buy,market,83033859
103540.2,5e-05,2025-05-14 03:51:29,1747194689.5600028,buy,market,83033860
103540.2,0.00031094,2025-05-14 03:51:29,1747194689.8807378,buy,limit,83033861
103540.2,0.00467779,2025-05-14 03:51:30,1747194690.2859056,buy,limit,83033862
103540.2,0.00474473,2025-05-14 03:51:30,1747194690.2859056,buy,limit,83033863
103540.1,0.0002,2025-05-14 03:51:32,1747194692.4315166,sell,limit,83033864
103540.2,0.00091347,2025-05-14 03:51:35,1747194695.209825,buy,limit,83033865
103540.2,0.00077422,2025-05-14 03:51:39,1747194699.0789602,buy,limit,83033866
103543.1,5.07e-05,2025-05-14 03:51:39,1747194699.0789602,buy,limit,83033867
103550.1,0.02273002,2025-05-14 03:51:39,1747194699.0789602,buy,limit,83033868
103550.1,0.00048286,2025-05-14 03:51:40,1747194700.1772738,buy,limit,83033869
103550.0,0.000126,2025-05-14 03:51:42,1747194702.2297652,sell,market,83033870
103550.0,0.00066604,2025-05-14 03:51:47,1747194707.1770916,sell,limit,83033871
103550.1,0.00048286,2025-05-14 03:52:21,1747194741.9394925,buy,market,83033872
103550.0,0.003,2025-05-14 03:52:46,1747194766.9440053,sell,market,83033873
103550.1,0.0002743,2025-05-14 03:52:58,1747194778.935326,buy,limit,83033874
103550.1,0.00097301,2025-05-14 03:53:01,1747194781.2543797,buy,market,83033875
103554.0,5.07e-05,2025-05-14 03:53:08,1747194788.1415923,buy,limit,83033876
103560.6,0.00028962,2025-05-14 03:53:08,1747194788.1415925,buy,limit,83033877
103560.6,0.00033628,2025-05-14 03:53:46,1747194826.2460701,buy,limit,83033878
103560.6,0.00015,2025-05-14 03:54:19,1747194859.5944145,buy,limit,83033879
103560.5,0.02,2025-05-14 03:54:21,1747194861.7579541,sell,market,83033880
103560.5,0.0001,2025-05-14 03:54:21,1747194861.7579541,sell,market,83033881
103560.5,0.001,2025-05-14 03:54:21,1747194861.7579541,sell,market,83033882
103560.5,0.2486734,2025-05-14 03:54:21,1747194861.7579541,sell,market,83033883
103550.7,0.00017292,2025-05-14 03:54:27,1747194867.5594513,buy,market,83033884
103550.7,0.00053533,2025-05-14 03:54:51,1747194891.0921273,buy,limit,83033885
103550.7,0.00042161,2025-05-14 03:55:02,1747194902.3072495,buy,market,83033886
103550.7,8.828e-05,2025-05-14 03:55:05,1747194905.4064333,buy,limit,83033887
103550.7,0.01826899,2025-05-14 03:55:09,1747194909.5907586,buy,market,83033888
103550.7,0.0021,2025-05-14 03:55:09,1747194909.5907586,buy,market,83033889
103550.7,0.00675999,2025-05-14 03:55:09,1747194909.5907586,buy,market,83033890
103550.7,0.0019,2025-05-14 03:55:09,1747194909.5907586,buy,market,83033891
103550.7,0.0759621,2025-05-14 03:55:09,1747194909.5907586,buy,market,83033892
103550.6,0.0001,2025-05-14 03:55:21,1747194921.4704041,sell,limit,83033893
103550.6,0.00242544,2025-05-14 03:55:21,1747194921.4704041,sell,limit,83033894
103550.7,0.00023786,2025-05-14 03:55:27,1747194927.2945597,buy,limit,83033895
103550.7,0.0023345,2025-05-14 03:56:08,1747194968.5672083,buy,market,83033896
103550.7,0.00164,2025-05-14 03:56:18,1747194978.1814702,buy,market,83033897
103550.7,0.00031579,2025-05-14 03:56:51,1747195011.1425242,buy,market,83033898
103550.7,0.0001,2025-05-14 03:57:03,1747195023.5171556,buy,market,83033899
103550.7,8.915e-05,2025-05-14 03:57:16,1747195036.552949,buy,limit,83033900
103550.7,0.00153232,2025-05-14 03:57:17,1747195037.8767955,buy,limit,83033901
103564.8,0.0001,2025-05-14 03:57:36,1747195056.799498,sell,limit,83033902
103564.8,8.9e-07,2025-05-14 03:57:36,1747195056.799498,sell,limit,83033903
103564.9,5.069e-05,2025-05-14 03:57:37,1747195057.2500281,buy,limit,83033904
103564.9,9.343e-05,2025-05-14 03:57:37,1747195057.2500281,buy,limit,83033905
103564.9,8.827e-05,2025-05-14 03:57:45,1747195065.832017,buy,limit,83033906
103564.9,0.00017901,2025-05-14 03:57:47,1747195067.359131,buy,limit,83033907
103564.9,8.914e-05,2025-05-14 03:57:58,1747195078.7176163,buy,limit,83033908
103564.8,0.00346467,2025-05-14 03:58:06,1747195086.9309027,sell,market,83033909
103564.8,0.001,2025-05-14 03:58:06,1747195086.9309027,sell,market,83033910
103564.8,0.0001,2025-05-14 03:58:06,1747195086.9309027,sell,market,83033911
103564.8,0.01460653,2025-05-14 03:58:06,1747195086.9309027,sell,market,83033912
103564.8,0.0001,2025-05-14 03:58:22,1747195102.0595412,sell,market,83033913
103564.9,0.00376811,2025-05-14 03:58:38,1747195118.0591223,buy,limit,83033914
103564.8,0.0001,2025-05-14 03:58:52,1747195132.4395952,sell,limit,83033915
103564.8,0.00342387,2025-05-14 03:58:52,1747195132.4395952,sell,limit,83033916
103565.0,0.00014484,2025-05-14 03:59:20,1747195160.555607,buy,market,83033917
103565.0,0.00085516,2025-05-14 03:59:22,1747195162.661819,buy,limit,83033918
103572.8,0.00231589,2025-05-14 03:59:22,1747195162.661819,buy,limit,83033919
103572.8,0.00030588,2025-05-14 03:59:25,1747195165.085291,buy,limit,83033920
103572.8,9.51e-06,2025-05-14 03:59:38,1747195178.0374022,buy,limit,83033921
103572.8,0.00776995,2025-05-14 03:59:41,1747195181.421888,buy,market,83033922
103572.8,8.086e-05,2025-05-14 04:00:00,1747195200.037468,buy,limit,83033923
103572.8,0.00019025,2025-05-14 04:00:00,1747195200.0641599,buy,limit,83033924
103572.8,0.00047562,2025-05-14 04:00:00,1747195200.1063027,buy,limit,83033925
103572.8,9.51e-06,2025-05-14 04:00:00,1747195200.227353,buy,limit,83033926
103572.8,7.134e-05,2025-05-14 04:00:01,1747195201.0356016,buy,limit,83033927
103572.8,0.00978055,2025-05-14 04:00:01,1747195201.1810613,buy,market,83033928
103572.8,0.00045989,2025-05-14 04:00:01,1747195201.5543182,buy,limit,83033929
103572.8,0.00033636,2025-05-14 04:00:02,1747195202.269817,buy,limit,83033930
103572.7,0.001,2025-05-14 04:00:05,1747195205.8940103,sell,limit,83033931
103572.7,0.0001,2025-05-14 04:00:05,1747195205.8940103,sell,limit,83033932
103572.7,0.00285857,2025-05-14 04:00:05,1747195205.8940103,sell,limit,83033933
103571.5,0.00098,2025-05-14 04:00:06,1747195206.537441,buy,limit,83033934
103571.4,0.00343988,2025-05-14 04:00:06,1747195206.8759632,sell,market,83033935
103571.4,0.00266298,2025-05-14 04:00:07,1747195207.0192435,sell,market,83033936
103571.9,0.00023781,2025-05-14 04:00:17,1747195217.6410575,buy,limit,83033937
103571.9,0.00094196,2025-05-14 04:00:21,1747195221.3421998,buy,limit,83033938
103571.8,0.00011,2025-05-14 04:00:22,1747195222.80806,sell,market,83033939
103571.9,0.01,2025-05-14 04:00:25,1747195225.6838171,buy,limit,83033940
103571.9,0.00090429,2025-05-14 04:00:28,1747195228.681322,buy,limit,83033941
103571.9,0.01902725,2025-05-14 04:00:36,1747195236.6054513,buy,market,83033942
103571.9,0.00290116,2025-05-14 04:00:43,1747195243.761948,buy,limit,83033950
103571.9,0.00607206,2025-05-14 04:00:43,1747195243.761948,buy,limit,83033949
103571.9,0.01100673,2025-05-14 04:00:43,1747195243.761948,buy,limit,83033948
103571.9,0.00486,2025-05-14 04:00:43,1747195243.761948,buy,limit,83033947
103571.9,0.003,2025-05-14 04:00:43,1747195243.761948,buy,limit,83033954
103571.9,0.0176,2025-05-14 04:00:43,1747195243.761948,buy,limit,83033953
103571.9,0.04171629,2025-05-14 04:00:43,1747195243.761948,buy,limit,83033952
103571.9,0.00506146,2025-05-14 04:00:43,1747195243.761948,buy,limit,83033951
103571.9,0.00404547,2025-05-14 04:00:43,1747195243.761948,buy,limit,83033946
103571.9,0.0031,2025-05-14 04:00:43,1747195243.761948,buy,limit,83033945
103571.9,0.00394712,2025-05-14 04:00:43,1747195243.761948,buy,limit,83033944
103571.9,0.04824977,2025-05-14 04:00:43,1747195243.761948,buy,limit,83033943
103571.9,0.02,2025-05-14 04:00:43,1747195243.7619483,buy,limit,83033958
103571.9,0.01215337,2025-05-14 04:00:43,1747195243.7619483,buy,limit,83033957
103571.9,0.01784663,2025-05-14 04:00:43,1747195243.7619483,buy,limit,83033956
103571.9,0.05,2025-05-14 04:00:43,1747195243.7619483,buy,limit,83033955
103571.9,0.00023254,2025-05-14 04:00:43,1747195243.7619483,buy,limit,83033966
103571.9,0.002906,2025-05-14 04:00:43,1747195243.7619483,buy,limit,83033973
103571.9,0.00126944,2025-05-14 04:00:43,1747195243.7619483,buy,limit,83033972
103571.9,0.00113768,2025-05-14 04:00:43,1747195243.7619483,buy,limit,83033971
103571.9,0.00016469,2025-05-14 04:00:43,1747195243.7619483,buy,limit,83033970
103571.9,9.54e-06,2025-05-14 04:00:43,1747195243.7619483,buy,limit,83033969
103571.9,0.00024218,2025-05-14 04:00:43,1747195243.7619483,buy,limit,83033968
103571.9,0.00538009,2025-05-14 04:00:43,1747195243.7619483,buy,limit,83033967
103571.9,0.0089611,2025-05-14 04:00:43,1747195243.7619483,buy,limit,83033962
103571.9,0.00039789,2025-05-14 04:00:43,1747195243.7619483,buy,limit,83033965
103571.9,0.0005,2025-05-14 04:00:43,1747195243.7619483,buy,limit,83033964
103571.9,0.00035,2025-05-14 04:00:43,1747195243.7619483,buy,limit,83033963
103571.9,0.1167663,2025-05-14 04:00:43,1747195243.7619483,buy,limit,83033960
103571.9,0.23446717,2025-05-14 04:00:43,1747195243.7619483,buy,limit,83033961
103571.9,0.10418033,2025-05-14 04:00:43,1747195243.7619483,buy,limit,83033959
103571.9,0.00454601,2025-05-14 04:00:43,1747195243.7619486,buy,limit,83033974
103571.9,0.01594568,2025-05-14 04:00:43,1747195243.7619486,buy,limit,83033990
103571.9,0.00192319,2025-05-14 04:00:43,1747195243.7619486,buy,limit,83033989
103571.9,0.00714568,2025-05-14 04:00:43,1747195243.7619486,buy,limit,83033988
103571.9,0.00483202,2025-05-14 04:00:43,1747195243.7619486,buy,limit,83033987
103571.9,0.0001809,2025-05-14 04:00:43,1747195243.7619486,buy,limit,83033986
103571.9,0.0966,2025-05-14 04:00:43,1747195243.7619486,buy,limit,83033985
103571.9,0.00483202,2025-05-14 04:00:43,1747195243.7619486,buy,limit,83033984
103571.9,9.427e-05,2025-05-14 04:00:43,1747195243.7619486,buy,limit,83033983
103571.9,0.00848551,2025-05-14 04:00:43,1747195243.7619486,buy,limit,83033982
103571.9,0.00047142,2025-05-14 04:00:43,1747195243.7619486,buy,limit,83033981
103571.9,1.266e-05,2025-05-14 04:00:43,1747195243.7619486,buy,limit,83033980
103571.9,0.29486509,2025-05-14 04:00:43,1747195243.7619486,buy,limit,83033979
103571.9,0.00505,2025-05-14 04:00:43,1747195243.7619486,buy,limit,83033978
103571.9,0.00473542,2025-05-14 04:00:43,1747195243.7619486,buy,limit,83033977
103571.9,0.00505,2025-05-14 04:00:43,1747195243.7619486,buy,limit,83033976
103571.9,0.01034416,2025-05-14 04:00:43,1747195243.7619486,buy,limit,83033975
103571.9,0.00014282,2025-05-14 04:00:43,1747195243.7619486,buy,limit,83033993
103571.9,0.00364934,2025-05-14 04:00:43,1747195243.7619486,buy,limit,83033991
103571.9,0.00019042,2025-05-14 04:00:43,1747195243.7619486,buy,limit,83033992
103571.9,0.00084982,2025-05-14 04:00:43,1747195243.7619488,buy,limit,83034007
103571.9,0.00238844,2025-05-14 04:00:43,1747195243.7619488,buy,limit,83034011
103571.9,0.00238844,2025-05-14 04:00:43,1747195243.7619488,buy,limit,83034008
103571.9,0.00011553,2025-05-14 04:00:43,1747195243.7619488,buy,limit,83034009
103571.9,0.00109673,2025-05-14 04:00:43,1747195243.7619488,buy,limit,83034010
103571.9,0.09450077,2025-05-14 04:00:43,1747195243.7619488,buy,limit,83033999
103571.9,0.15654413,2025-05-14 04:00:43,1747195243.7619488,buy,limit,83034000
103571.9,0.09618859,2025-05-14 04:00:43,1747195243.7619488,buy,limit,83034001
103571.9,0.0001809,2025-05-14 04:00:43,1747195243.7619488,buy,limit,83033994
103571.9,0.00389577,2025-05-14 04:00:43,1747195243.7619488,buy,limit,83033995
103571.9,0.00034771,2025-05-14 04:00:43,1747195243.7619488,buy,limit,83033996
103571.9,0.0966,2025-05-14 04:00:43,1747195243.7619488,buy,limit,83033997
103571.9,0.0019033,2025-05-14 04:00:43,1747195243.7619488,buy,limit,83033998
103571.9,0.07888487,2025-05-14 04:00:43,1747195243.7619488,buy,limit,83034006
103571.9,0.00047115,2025-05-14 04:00:43,1747195243.7619488,buy,limit,83034013
103571.9,0.00190967,2025-05-14 04:00:43,1747195243.7619488,buy,limit,83034012
103571.9,1.869e-05,2025-05-14 04:00:43,1747195243.7619488,buy,limit,83034003
103571.9,0.00033529,2025-05-14 04:00:43,1747195243.7619488,buy,limit,83034002
103571.9,0.66483882,2025-05-14 04:00:43,1747195243.7619488,buy,limit,83034005
103571.9,0.08378854,2025-05-14 04:00:43,1747195243.7619488,buy,limit,83034004
103571.9,0.00024219,2025-05-14 04:00:43,1747195243.761949,buy,limit,83034015
103571.9,9.413e-05,2025-05-14 04:00:43,1747195243.761949,buy,limit,83034014
103571.9,0.00051264,2025-05-14 04:00:43,1747195243.761949,buy,limit,83034017
103571.9,0.00021934,2025-05-14 04:00:43,1747195243.761949,buy,limit,83034016
103571.9,0.00286326,2025-05-14 04:00:43,1747195243.761949,buy,limit,83034018
103571.9,0.0955,2025-05-14 04:00:43,1747195243.761949,buy,limit,83034019
103571.9,0.00238844,2025-05-14 04:00:43,1747195243.761949,buy,limit,83034020
103571.9,8.734e-05,2025-05-14 04:00:43,1747195243.761949,buy,limit,83034021
103571.9,0.00012493,2025-05-14 04:00:43,1747195243.761949,buy,limit,83034022
103571.9,0.00025055,2025-05-14 04:00:43,1747195243.761949,buy,limit,83034024
103571.9,0.0955,2025-05-14 04:00:43,1747195243.761949,buy,limit,83034025
103571.9,0.00094126,2025-05-14 04:00:43,1747195243.761949,buy,limit,83034023
103571.9,0.13745628,2025-05-14 04:00:43,1747195243.761949,buy,limit,83034030
103571.9,0.0300094,2025-05-14 04:00:43,1747195243.761949,buy,limit,83034026
103571.9,0.11039661,2025-05-14 04:00:43,1747195243.761949,buy,limit,83034029
103571.9,0.03999999,2025-05-14 04:00:43,1747195243.761949,buy,limit,83034028
103571.9,0.02228994,2025-05-14 04:00:43,1747195243.761949,buy,limit,83034027
103571.9,9.605e-05,2025-05-14 04:00:50,1747195250.0462782,buy,limit,83034031
103571.8,0.000804,2025-05-14 04:00:57,1747195257.0355258,sell,limit,83034033
103571.8,0.0001,2025-05-14 04:00:57,1747195257.0355258,sell,limit,83034032
103571.9,0.00044,2025-05-14 04:01:05,1747195265.7992954,buy,limit,83034034
103571.8,0.000115,2025-05-14 04:01:24,1747195284.8716345,sell,market,83034035
103571.8,0.0002757,2025-05-14 04:01:44,1747195304.7212586,sell,market,83034036
103571.8,0.0001,2025-05-14 04:01:44,1747195304.7212586,sell,market,83034037
103571.8,0.001,2025-05-14 04:01:44,1747195304.7212586,sell,market,83034038
103571.0,0.01931434,2025-05-14 04:01:44,1747195304.7212586,sell,market,83034039
103564.8,0.16351981,2025-05-14 04:01:44,1747195304.7212586,sell,market,83034040
103564.9,0.00012286,2025-05-14 04:01:47,1747195307.0738506,buy,market,83034041
103564.8,0.36710393,2025-05-14 04:01:54,1747195314.853259,sell,market,83034042
103564.9,0.00960774,2025-05-14 04:01:55,1747195315.4668734,buy,limit,83034043
103564.8,0.00021281,2025-05-14 04:01:56,1747195316.169932,sell,limit,83034044
103564.9,0.00168281,2025-05-14 04:02:09,1747195329.2615812,buy,market,83034045
103564.8,0.21127218,2025-05-14 04:02:10,1747195330.8295908,sell,market,83034046
103564.8,0.001,2025-05-14 04:02:10,1747195330.8295908,sell,market,83034048
103564.8,0.0001,2025-05-14 04:02:10,1747195330.8295908,sell,market,83034047
103561.5,0.00012039,2025-05-14 04:02:10,1747195330.8295908,sell,market,83034049
103554.0,5.069e-05,2025-05-14 04:02:10,1747195330.829591,sell,market,83034050
103551.8,0.11376711,2025-05-14 04:02:10,1747195330.829591,sell,market,83034051
103550.6,0.00965711,2025-05-14 04:02:10,1747195330.829591,sell,market,83034054
103548.6,1.01109123,2025-05-14 04:02:10,1747195330.829591,sell,market,83034055
103550.6,0.5,2025-05-14 04:02:10,1747195330.829591,sell,market,83034052
103550.6,0.23319691,2025-05-14 04:02:10,1747195330.829591,sell,market,83034053
103552.2,0.0001,2025-05-14 04:02:24,1747195344.2391217,sell,limit,83034056
103552.2,0.00032343,2025-05-14 04:02:24,1747195344.2391217,sell,limit,83034057
103552.2,0.0001,2025-05-14 04:02:49,1747195369.1020653,sell,limit,83034059
103552.2,0.00067657,2025-05-14 04:02:49,1747195369.1020653,sell,limit,83034058
103552.2,0.00051056,2025-05-14 04:02:49,1747195369.1020653,sell,limit,83034060
103552.3,0.00047571,2025-05-14 04:02:53,1747195373.508382,buy,limit,83034061
103543.0,5.07e-05,2025-05-14 04:02:57,1747195377.5167115,sell,market,83034065
103552.2,0.00248944,2025-05-14 04:02:57,1747195377.5167115,sell,market,83034062
103552.2,0.001,2025-05-14 04:02:57,1747195377.5167115,sell,market,83034064
103552.2,0.0001,2025-05-14 04:02:57,1747195377.5167115,sell,market,83034063
103539.9,0.01192491,2025-05-14 04:02:57,1747195377.5167115,sell,market,83034067
103540.1,0.00035657,2025-05-14 04:02:57,1747195377.5167115,sell,market,83034066
103539.9,0.01035392,2025-05-14 04:02:57,1747195377.5167115,sell,market,83034068
103540.1,0.00114939,2025-05-14 04:03:02,1747195382.6266735,buy,market,83034069
103540.1,4.758e-05,2025-05-14 04:03:36,1747195416.0380123,buy,limit,83034070
103540.0,0.001,2025-05-14 04:03:43,1747195423.0602224,sell,market,83034072
103540.0,0.0001,2025-05-14 04:03:43,1747195423.0602224,sell,market,83034071
103540.0,0.00449225,2025-05-14 04:03:43,1747195423.0602226,sell,market,83034073
103540.1,0.0014785,2025-05-14 04:04:02,1747195442.654039,buy,market,83034074
103540.0,0.0001,2025-05-14 04:04:22,1747195462.8462448,sell,limit,83034075
103540.0,4.077e-05,2025-05-14 04:04:22,1747195462.846245,sell,limit,83034076
103540.0,0.00022368,2025-05-14 04:04:22,1747195462.8610165,sell,limit,83034077
103540.0,0.0001422,2025-05-14 04:04:22,1747195462.8812845,sell,limit,83034078
103540.0,0.00010058,2025-05-14 04:04:22,1747195462.903038,sell,limit,83034079
103540.0,0.00014507,2025-05-14 04:04:22,1747195462.9133754,sell,limit,83034080
103540.0,7.602e-05,2025-05-14 04:04:22,1747195462.9252713,sell,limit,83034081
103540.0,7.461e-05,2025-05-14 04:04:22,1747195462.937197,sell,limit,83034082
103540.0,5.109e-05,2025-05-14 04:04:22,1747195462.9551804,sell,limit,83034083
103540.0,0.0001,2025-05-14 04:04:47,1747195487.6923497,sell,market,83034084
103540.0,0.001,2025-05-14 04:04:47,1747195487.69235,sell,market,83034085
103535.0,0.0001743,2025-05-14 04:04:47,1747195487.69235,sell,market,83034086
103535.0,0.00012073,2025-05-14 04:04:47,1747195487.857054,sell,limit,83034087
103535.0,0.00030545,2025-05-14 04:04:47,1747195487.8971303,sell,limit,83034088
103535.0,8.198e-05,2025-05-14 04:04:47,1747195487.969602,sell,limit,83034089
103535.0,0.0001566,2025-05-14 04:04:47,1747195487.9969444,sell,limit,83034090
103535.0,0.000246,2025-05-14 04:04:48,1747195488.0188406,sell,limit,83034091
103524.9,6.778e-05,2025-05-14 04:04:48,1747195488.03502,sell,limit,83034094
103532.0,5.07e-05,2025-05-14 04:04:48,1747195488.03502,sell,limit,83034093
103535.0,3.813e-05,2025-05-14 04:04:48,1747195488.03502,sell,limit,83034092
103524.9,6.69e-05,2025-05-14 04:04:48,1747195488.0492132,sell,limit,83034095
103524.9,0.0001068,2025-05-14 04:04:48,1747195488.075354,sell,limit,83034096
103524.9,0.00012272,2025-05-14 04:04:48,1747195488.075354,sell,limit,83034097
103525.0,0.00036748,2025-05-14 04:04:48,1747195488.1725154,buy,limit,83034098
103525.0,0.00034736,2025-05-14 04:05:01,1747195501.4805155,buy,limit,83034099
103525.0,4.758e-05,2025-05-14 04:05:03,1747195503.0406144,buy,limit,83034100
103525.0,0.00176102,2025-05-14 04:05:15,1747195515.2968283,buy,market,83034101
103524.9,0.00016069,2025-05-14 04:05:21,1747195521.7455158,sell,limit,83034102
103524.9,0.00119229,2025-05-14 04:05:21,1747195521.7455158,sell,limit,83034103
103525.0,0.00018082,2025-05-14 04:05:22,1747195522.340908,buy,limit,83034104
103525.0,0.00064772,2025-05-14 04:06:04,1747195564.9485896,buy,limit,83034105
103525.0,9.612e-05,2025-05-14 04:06:10,1747195570.0795395,buy,limit,83034106
103524.9,4.95e-05,2025-05-14 04:06:14,1747195574.1765914,sell,limit,83034107
103525.0,0.02186851,2025-05-14 04:06:15,1747195575.6932087,buy,limit,83034108
103525.0,0.07237054,2025-05-14 04:06:15,1747195575.6932087,buy,limit,83034109
103524.9,0.0001,2025-05-14 04:06:32,1747195592.9290056,sell,limit,83034113
103524.9,0.0019319,2025-05-14 04:06:32,1747195592.9290056,sell,limit,83034112
103524.9,0.01445491,2025-05-14 04:06:32,1747195592.9290056,sell,limit,83034110
103524.9,0.00012808,2025-05-14 04:06:32,1747195592.9290056,sell,limit,83034111
103524.9,0.02102905,2025-05-14 04:06:32,1747195592.9290056,sell,limit,83034115
103524.9,0.001,2025-05-14 04:06:32,1747195592.9290056,sell,limit,83034114
103524.9,0.00045051,2025-05-14 04:06:41,1747195601.5008957,sell,market,83034118
103524.9,0.00352099,2025-05-14 04:06:41,1747195601.5008957,sell,market,83034119
103524.9,0.07174788,2025-05-14 04:06:41,1747195601.5008957,sell,market,83034121
103524.9,0.02183132,2025-05-14 04:06:41,1747195601.5008957,sell,market,83034120
103524.9,0.01098515,2025-05-14 04:06:41,1747195601.5008957,sell,market,83034116
103524.9,0.00297008,2025-05-14 04:06:41,1747195601.5008957,sell,market,83034117
103524.9,0.00292968,2025-05-14 04:06:41,1747195601.5008957,sell,market,83034123
103524.9,0.01040627,2025-05-14 04:06:41,1747195601.5008957,sell,market,83034122
103519.0,0.000966,2025-05-14 04:06:41,1747195601.500896,sell,market,83034128
103510.1,0.00014079,2025-05-14 04:06:41,1747195601.500896,sell,market,83034129
103524.9,0.0001,2025-05-14 04:06:41,1747195601.500896,sell,market,83034126
103521.0,5.071e-05,2025-05-14 04:06:41,1747195601.500896,sell,market,83034127
103500.0,0.59010028,2025-05-14 04:06:41,1747195601.500896,sell,market,83034133
103500.0,0.23618707,2025-05-14 04:06:41,1747195601.500896,sell,market,83034132
103500.0,0.14881208,2025-05-14 04:06:41,1747195601.500896,sell,market,83034137
103500.0,0.18136814,2025-05-14 04:06:41,1747195601.500896,sell,market,83034136
103500.0,0.15553186,2025-05-14 04:06:41,1747195601.500896,sell,market,83034135
103500.0,0.00746782,2025-05-14 04:06:41,1747195601.500896,sell,market,83034134
103510.0,5.071e-05,2025-05-14 04:06:41,1747195601.500896,sell,market,83034130
103510.0,0.00025359,2025-05-14 04:06:41,1747195601.500896,sell,market,83034131
103524.9,0.34690445,2025-05-14 04:06:41,1747195601.500896,sell,market,83034125
103524.9,0.00722462,2025-05-14 04:06:41,1747195601.500896,sell,market,83034124
103500.1,4.76e-05,2025-05-14 04:06:41,1747195601.8779519,buy,limit,83034138
103500.0,5.259e-05,2025-05-14 04:06:42,1747195602.9357567,sell,limit,83034139
103500.1,0.0128116,2025-05-14 04:06:44,1747195604.734477,buy,limit,83034140
103500.0,0.0001,2025-05-14 04:07:04,1747195624.7689278,sell,limit,83034143
103500.0,0.001,2025-05-14 04:07:04,1747195624.7689278,sell,limit,83034142
103500.0,0.2834,2025-05-14 04:07:04,1747195624.7689278,sell,limit,83034144
103500.0,0.18803533,2025-05-14 04:07:04,1747195624.7689278,sell,limit,83034141
103499.0,5.072e-05,2025-05-14 04:07:12,1747195632.4343836,sell,limit,83034145
103491.0,0.00250202,2025-05-14 04:07:12,1747195632.4343836,sell,limit,83034153
103494.6,0.00110033,2025-05-14 04:07:12,1747195632.4343836,sell,limit,83034152
103497.4,0.00966,2025-05-14 04:07:12,1747195632.4343836,sell,limit,83034151
103497.7,0.00024155,2025-05-14 04:07:12,1747195632.4343836,sell,limit,83034150
103498.2,0.0001,2025-05-14 04:07:12,1747195632.4343836,sell,limit,83034149
103499.0,0.002,2025-05-14 04:07:12,1747195632.4343836,sell,limit,83034148
103499.0,0.001,2025-05-14 04:07:12,1747195632.4343836,sell,limit,83034147
103499.0,0.0001,2025-05-14 04:07:12,1747195632.4343836,sell,limit,83034146
103478.0,0.0008,2025-05-14 04:07:12,1747195632.4343839,sell,limit,83034158
103477.8,0.03116789,2025-05-14 04:07:12,1747195632.4343839,sell,limit,83034159
103477.7,0.00024159,2025-05-14 04:07:12,1747195632.4343839,sell,limit,83034160
103477.0,5.073e-05,2025-05-14 04:07:12,1747195632.4343839,sell,limit,83034161
103468.8,0.23460551,2025-05-14 04:07:12,1747195632.4343839,sell,limit,83034165
103474.8,0.11376711,2025-05-14 04:07:12,1747195632.4343839,sell,limit,83034164
103474.8,0.00046001,2025-05-14 04:07:12,1747195632.4343839,sell,limit,83034163
103476.2,0.00966406,2025-05-14 04:07:12,1747195632.4343839,sell,limit,83034162
103488.5,0.00017306,2025-05-14 04:07:12,1747195632.4343839,sell,limit,83034154
103488.5,0.00017306,2025-05-14 04:07:12,1747195632.4343839,sell,limit,83034155
103488.0,5.073e-05,2025-05-14 04:07:12,1747195632.4343839,sell,limit,83034156
103480.7,0.08877685,2025-05-14 04:07:12,1747195632.4343839,sell,limit,83034157
103479.4,0.01931902,2025-05-14 04:07:16,1747195636.9060464,buy,limit,83034166
103479.3,0.0002632,2025-05-14 04:07:23,1747195643.1251793,sell,market,83034167
103479.3,0.00147131,2025-05-14 04:07:45,1747195665.750171,sell,limit,83034168
103479.3,5.711e-05,2025-05-14 04:07:46,1747195666.6546962,sell,limit,83034169
103479.4,9.428e-05,2025-05-14 04:07:48,1747195668.0619311,buy,limit,83034170
103488.1,5.073e-05,2025-05-14 04:07:58,1747195678.511555,buy,limit,83034172
103479.4,7.289e-05,2025-05-14 04:07:58,1747195678.511555,buy,limit,83034171
103497.4,0.00441037,2025-05-14 04:07:58,1747195678.511555,buy,limit,83034173
103497.4,0.00015078,2025-05-14 04:08:02,1747195682.8500016,buy,market,83034174
103497.3,1.154e-05,2025-05-14 04:08:12,1747195692.6661847,sell,limit,83034175
103497.4,0.00094264,2025-05-14 04:08:19,1747195699.478162,buy,limit,83034176
103497.3,0.001,2025-05-14 04:08:25,1747195705.0357525,sell,market,83034178
103497.3,0.03754835,2025-05-14 04:08:25,1747195705.0357525,sell,market,83034179
103497.3,0.0001,2025-05-14 04:08:25,1747195705.0357525,sell,market,83034177
103497.4,1.923e-05,2025-05-14 04:08:39,1747195719.043286,buy,limit,83034180
103497.3,5e-05,2025-05-14 04:08:48,1747195728.9306986,sell,market,83034181
103497.4,0.00365562,2025-05-14 04:09:01,1747195741.0989764,buy,market,83034182
103497.3,0.000297,2025-05-14 04:09:04,1747195744.3733037,sell,market,83034184
103497.3,5e-05,2025-05-14 04:09:04,1747195744.3733037,sell,market,83034183
103497.4,9.807e-05,2025-05-14 04:09:18,1747195758.585618,buy,market,83034185
103497.4,0.00019671,2025-05-14 04:09:24,1747195764.7582488,buy,market,83034187
103497.4,0.00038329,2025-05-14 04:09:24,1747195764.7582488,buy,market,83034186
103497.4,0.00108669,2025-05-14 04:09:29,1747195769.8507137,buy,market,83034188
103497.4,0.00075411,2025-05-14 04:09:31,1747195771.081113,buy,limit,83034189
103497.4,0.00047132,2025-05-14 04:10:02,1747195802.5151758,buy,limit,83034190
103497.3,0.0001,2025-05-14 04:10:14,1747195814.6206784,sell,limit,83034191
103497.3,0.00093632,2025-05-14 04:10:14,1747195814.6206787,sell,limit,83034193
103497.3,0.001,2025-05-14 04:10:14,1747195814.6206787,sell,limit,83034192
103497.3,0.00017314,2025-05-14 04:10:18,1747195818.4975305,sell,limit,83034194
103497.4,9.008e-05,2025-05-14 04:10:21,1747195821.858479,buy,limit,83034195
103497.4,0.00092756,2025-05-14 04:10:25,1747195825.329965,buy,market,83034196
103497.4,0.00013117,2025-05-14 04:11:01,1747195861.2273579,buy,market,83034197
103497.4,0.00012254,2025-05-14 04:11:16,1747195876.3998406,buy,limit,83034198
103497.4,0.00015,2025-05-14 04:11:31,1747195891.5164592,buy,limit,83034200
103497.4,0.00272755,2025-05-14 04:11:31,1747195891.5164592,buy,limit,83034202
103497.4,0.00094,2025-05-14 04:11:31,1747195891.5164592,buy,limit,83034201
103497.4,0.00062982,2025-05-14 04:11:31,1747195891.5164592,buy,limit,83034199
103497.3,4.438e-05,2025-05-14 04:11:37,1747195897.8679154,sell,limit,83034203
103497.4,0.00094245,2025-05-14 04:12:00,1747195920.0966113,buy,market,83034204
103497.4,2.376e-05,2025-05-14 04:12:00,1747195920.0966113,buy,market,83034205
103497.4,7.624e-05,2025-05-14 04:12:22,1747195942.297953,buy,limit,83034206
103497.4,0.001735,2025-05-14 04:12:22,1747195942.297953,buy,limit,83034208
103497.4,0.00058,2025-05-14 04:12:22,1747195942.297953,buy,limit,83034207
103497.4,4.402e-05,2025-05-14 04:12:24,1747195944.052674,buy,limit,83034210
103497.4,0.000105,2025-05-14 04:12:24,1747195944.052674,buy,limit,83034209
103497.4,1.818e-05,2025-05-14 04:12:33,1747195953.8376436,buy,limit,83034211
103497.4,9.008e-05,2025-05-14 04:12:46,1747195966.7250216,buy,limit,83034212
103497.3,0.00192707,2025-05-14 04:12:48,1747195968.0988576,sell,limit,83034213
103497.4,0.00046816,2025-05-14 04:12:49,1747195969.1768072,buy,limit,83034217
103497.4,0.00047,2025-05-14 04:12:49,1747195969.1768072,buy,limit,83034216
103497.4,0.00920592,2025-05-14 04:12:49,1747195969.1768072,buy,limit,83034215
103497.4,0.00174772,2025-05-14 04:12:49,1747195969.1768072,buy,limit,83034214
103497.4,0.00013,2025-05-14 04:12:49,1747195969.1768072,buy,limit,83034221
103497.4,0.00013,2025-05-14 04:12:49,1747195969.1768072,buy,limit,83034220
103497.4,0.00093,2025-05-14 04:12:49,1747195969.1768072,buy,limit,83034219
103497.4,9e-05,2025-05-14 04:12:49,1747195969.1768072,buy,limit,83034218
103497.4,0.0003,2025-05-14 04:12:49,1747195969.1768072,buy,limit,83034222
103497.4,0.00097,2025-05-14 04:12:49,1747195969.1768074,buy,limit,83034225
103497.4,0.00016513,2025-05-14 04:12:49,1747195969.1768074,buy,limit,83034224
103497.4,0.01448872,2025-05-14 04:12:49,1747195969.1768074,buy,limit,83034226
103497.4,0.00414,2025-05-14 04:12:49,1747195969.1768074,buy,limit,83034223
103497.4,0.03770567,2025-05-14 04:12:50,1747195970.0559242,buy,limit,83034227
103497.4,0.00124482,2025-05-14 04:12:59,1747195979.6697888,buy,limit,83034229
103497.4,0.00111178,2025-05-14 04:12:59,1747195979.6697888,buy,limit,83034228
103497.4,0.00130637,2025-05-14 04:13:13,1747195993.6278412,buy,market,83034232
103497.4,0.00011,2025-05-14 04:13:13,1747195993.6278412,buy,market,83034231
103497.4,0.00114518,2025-05-14 04:13:13,1747195993.6278412,buy,market,83034230
103518.1,0.12849631,2025-05-14 04:13:13,1747195993.6278412,buy,market,83034240
103497.4,0.00716,2025-05-14 04:13:13,1747195993.6278412,buy,market,83034233
103507.2,0.00012985,2025-05-14 04:13:13,1747195993.6278412,buy,market,83034237
103510.5,0.03134738,2025-05-14 04:13:13,1747195993.6278412,buy,market,83034239
103510.0,5.072e-05,2025-05-14 04:13:13,1747195993.6278412,buy,market,83034238
103497.4,0.00124,2025-05-14 04:13:13,1747195993.6278412,buy,market,83034235
103497.4,0.05330617,2025-05-14 04:13:13,1747195993.6278412,buy,market,83034234
103499.1,5.073e-05,2025-05-14 04:13:13,1747195993.6278412,buy,market,83034236
103516.0,0.00065319,2025-05-14 04:13:13,1747195993.9605515,buy,market,83034241
103518.1,0.00252897,2025-05-14 04:13:13,1747195993.9605515,buy,market,83034242
103518.0,0.00070422,2025-05-14 04:13:29,1747196009.2895758,sell,limit,83034243
103518.1,0.00032659,2025-05-14 04:14:19,1747196059.4243228,buy,limit,83034244
103519.8,0.0001,2025-05-14 04:14:19,1747196059.4243228,buy,limit,83034245
103532.0,5.071e-05,2025-05-14 04:14:19,1747196059.424323,buy,limit,83034247
103520.9,5.071e-05,2025-05-14 04:14:19,1747196059.424323,buy,limit,83034246
103539.9,0.00042366,2025-05-14 04:14:19,1747196059.424323,buy,limit,83034248
103539.9,0.0001765,2025-05-14 04:14:25,1747196065.404732,buy,limit,83034250
103539.8,0.00051542,2025-05-14 04:14:25,1747196065.404732,buy,limit,83034249
103539.8,0.00035341,2025-05-14 04:14:38,1747196078.2586808,sell,limit,83034251
103539.9,4.711e-05,2025-05-14 04:14:46,1747196086.883123,buy,limit,83034252
103539.8,0.0001243,2025-05-14 04:14:52,1747196092.7188563,sell,market,83034253
103539.9,4.829e-05,2025-05-14 04:14:53,1747196093.5433466,buy,market,83034254
103539.8,0.00019142,2025-05-14 04:14:54,1747196094.5002851,sell,market,83034255
103539.8,0.01932406,2025-05-14 04:15:15,1747196115.1747813,sell,market,83034259
103539.8,0.001,2025-05-14 04:15:15,1747196115.1747813,sell,market,83034258
103539.8,0.00680178,2025-05-14 04:15:15,1747196115.1747813,sell,market,83034256
103539.8,0.0001,2025-05-14 04:15:15,1747196115.1747813,sell,market,83034257
103539.8,0.01777616,2025-05-14 04:15:15,1747196115.1747816,sell,market,83034260
103539.8,0.045211,2025-05-14 04:15:15,1747196115.4880986,sell,market,83034261
103539.9,0.00025771,2025-05-14 04:15:16,1747196116.9255412,buy,market,83034262
103539.9,0.00650297,2025-05-14 04:15:16,1747196116.9255412,buy,market,83034263
103539.8,0.00078,2025-05-14 04:15:21,1747196121.311773,sell,market,83034264
103539.9,0.00142271,2025-05-14 04:15:39,1747196139.9785218,buy,limit,83034265
103539.9,0.00030299,2025-05-14 04:15:51,1747196151.345605,buy,market,83034266
103539.8,6.175e-05,2025-05-14 04:15:59,1747196159.2579026,sell,limit,83034267
103539.9,0.00090456,2025-05-14 04:15:59,1747196159.9997463,buy,limit,83034268
103539.9,0.0005258,2025-05-14 04:16:02,1747196162.9686956,buy,market,83034269
103539.9,5e-05,2025-05-14 04:16:12,1747196172.6715317,buy,market,83034270
103539.8,1.005e-05,2025-05-14 04:16:22,1747196182.2968106,sell,limit,83034271
103539.9,0.0002883,2025-05-14 04:16:28,1747196188.1949,buy,limit,83034272
103539.8,0.00113314,2025-05-14 04:16:39,1747196199.9650664,sell,market,83034273
103539.9,0.0001922,2025-05-14 04:16:43,1747196203.17501,buy,limit,83034274
103539.9,0.00012051,2025-05-14 04:16:43,1747196203.4925041,buy,market,83034275
103539.8,0.000756,2025-05-14 04:16:53,1747196213.579847,sell,market,83034276
103539.9,0.00162869,2025-05-14 04:17:01,1747196221.6275089,buy,market,83034277
103539.9,0.00025015,2025-05-14 04:17:15,1747196235.1675231,buy,market,83034278
103539.8,0.00099452,2025-05-14 04:17:31,1747196251.074136,sell,market,83034279
103539.8,3.548e-05,2025-05-14 04:17:31,1747196251.074136,sell,market,83034280
103539.9,0.00028588,2025-05-14 04:17:33,1747196253.3661053,buy,market,83034281
103539.9,1.903e-05,2025-05-14 04:17:34,1747196254.0393374,buy,limit,83034282
103539.9,0.00011808,2025-05-14 04:17:46,1747196266.2790146,buy,market,83034283
103539.8,6.452e-05,2025-05-14 04:18:00,1747196280.7325606,sell,limit,83034284
103539.8,0.00012244,2025-05-14 04:18:00,1747196280.7325606,sell,limit,83034285
103539.9,0.00965811,2025-05-14 04:18:10,1747196290.1716082,buy,limit,83034286
103539.8,7.92e-05,2025-05-14 04:18:13,1747196293.9401906,sell,limit,83034287
103539.9,0.00047577,2025-05-14 04:18:17,1747196297.4739144,buy,limit,83034288
103539.9,0.0001932,2025-05-14 04:18:22,1747196302.1693938,buy,limit,83034289
103539.8,0.00079836,2025-05-14 04:18:34,1747196314.5725417,sell,market,83034290
103539.8,0.00130264,2025-05-14 04:18:34,1747196314.5725417,sell,market,83034291
103539.9,0.02990899,2025-05-14 04:18:40,1747196320.026616,buy,limit,83034292
103539.9,0.00019999,2025-05-14 04:18:41,1747196321.6395714,buy,limit,83034293
103539.9,0.00011572,2025-05-14 04:18:47,1747196327.3590446,buy,market,83034294
103539.9,8.916e-05,2025-05-14 04:19:04,1747196344.1185412,buy,limit,83034295
103539.9,0.00018079,2025-05-14 04:19:30,1747196370.5476131,buy,limit,83034296
103539.8,7.764e-05,2025-05-14 04:19:32,1747196372.7201045,sell,limit,83034297
103539.8,0.00011954,2025-05-14 04:19:47,1747196387.869294,sell,limit,83034298
103539.9,0.00011341,2025-05-14 04:19:48,1747196388.4756122,buy,market,83034299
103539.9,1.463e-05,2025-05-14 04:20:11,1747196411.995534,buy,limit,83034300
103539.9,0.00019316,2025-05-14 04:20:21,1747196421.7469625,buy,market,83034301
103539.8,0.000146,2025-05-14 04:20:34,1747196434.9525118,sell,market,83034302
103539.8,2.124e-05,2025-05-14 04:20:36,1747196436.0368886,sell,market,83034304
103539.8,0.00035076,2025-05-14 04:20:36,1747196436.0368886,sell,market,83034303
103539.9,0.00011114,2025-05-14 04:20:49,1747196449.1710227,buy,market,83034305
103539.9,0.00182484,2025-05-14 04:20:57,1747196457.4876802,buy,limit,83034306
103539.9,0.00013058,2025-05-14 04:21:00,1747196460.347113,buy,limit,83034307
103539.9,0.00062787,2025-05-14 04:21:03,1747196463.497125,buy,market,83034308
103539.9,0.00074033,2025-05-14 04:21:23,1747196483.664997,buy,market,83034310
103539.9,0.00084867,2025-05-14 04:21:23,1747196483.664997,buy,market,83034309
103539.9,8.829e-05,2025-05-14 04:21:31,1747196491.2439837,buy,limit,83034311
103539.9,0.00072064,2025-05-14 04:21:37,1747196497.0275137,buy,market,83034312
103539.9,0.00128443,2025-05-14 04:21:38,1747196498.3478694,buy,market,83034313
103539.9,0.00010892,2025-05-14 04:21:49,1747196509.973493,buy,market,83034314
103539.9,0.00018845,2025-05-14 04:21:50,1747196510.5494921,buy,limit,83034315
103539.9,0.00172332,2025-05-14 04:22:01,1747196521.6779492,buy,market,83034316
103539.9,0.00179769,2025-05-14 04:22:11,1747196531.0413885,buy,limit,83034317
103539.8,7.876e-05,2025-05-14 04:22:13,1747196533.2340927,sell,market,83034318
103539.8,0.00079047,2025-05-14 04:22:13,1747196533.2340927,sell,market,83034319
103539.9,8.916e-05,2025-05-14 04:22:20,1747196540.120027,buy,limit,83034320
103539.9,8.916e-05,2025-05-14 04:22:22,1747196542.4441948,buy,limit,83034321
103539.9,0.01316961,2025-05-14 04:22:27,1747196547.3663323,buy,market,83034322
103539.9,0.00150039,2025-05-14 04:22:27,1747196547.3663323,buy,market,83034323
103539.9,1.922e-05,2025-05-14 04:22:33,1747196553.0468483,buy,limit,83034324
103539.9,0.00010674,2025-05-14 04:22:50,1747196570.986556,buy,market,83034325
103539.9,0.00048291,2025-05-14 04:22:51,1747196571.2887049,buy,market,83034326
103543.1,5.07e-05,2025-05-14 04:23:00,1747196580.746169,buy,limit,83034330
103553.9,5.07e-05,2025-05-14 04:23:00,1747196580.746169,buy,limit,83034331
103539.9,0.01,2025-05-14 04:23:00,1747196580.746169,buy,limit,83034328
103565.0,5.069e-05,2025-05-14 04:23:00,1747196580.746169,buy,limit,83034332
103539.9,0.00268891,2025-05-14 04:23:00,1747196580.746169,buy,limit,83034327
103540.0,0.009925,2025-05-14 04:23:00,1747196580.746169,buy,limit,83034329
103567.4,0.01551241,2025-05-14 04:23:00,1747196580.7461693,buy,limit,83034334
103567.3,0.0088303,2025-05-14 04:23:00,1747196580.7461693,buy,limit,83034333
103567.4,0.00013469,2025-05-14 04:23:02,1747196582.483915,buy,market,83034335
103567.4,0.00178457,2025-05-14 04:23:19,1747196599.1015344,buy,market,83034336
103574.3,0.03061916,2025-05-14 04:23:19,1747196599.1015344,buy,market,83034338
103574.2,0.02821348,2025-05-14 04:23:19,1747196599.1015344,buy,market,83034337
103587.0,5.068e-05,2025-05-14 04:23:19,1747196599.1015346,buy,market,83034342
103595.8,0.135,2025-05-14 04:23:19,1747196599.1015346,buy,market,83034343
103575.9,5.069e-05,2025-05-14 04:23:19,1747196599.1015346,buy,market,83034339
103597.0,0.01014138,2025-05-14 04:23:19,1747196599.1015346,buy,market,83034344
103580.2,0.00100661,2025-05-14 04:23:19,1747196599.1015346,buy,market,83034340
103581.9,0.00064481,2025-05-14 04:23:19,1747196599.1015346,buy,market,83034341
103596.7,9.513e-05,2025-05-14 04:23:19,1747196599.3341897,buy,limit,83034345
103596.7,0.00015909,2025-05-14 04:23:20,1747196600.655915,buy,limit,83034347
103596.7,5.264e-05,2025-05-14 04:23:20,1747196600.655915,buy,limit,83034348
103596.7,0.00143945,2025-05-14 04:23:20,1747196600.655915,buy,limit,83034346
103597.9,5.068e-05,2025-05-14 04:23:39,1747196619.23268,buy,limit,83034350
103596.7,0.00071973,2025-05-14 04:23:39,1747196619.23268,buy,limit,83034349
103598.4,0.0028958,2025-05-14 04:23:51,1747196631.3261778,buy,market,83034351
103598.4,0.00010461,2025-05-14 04:23:52,1747196632.6431494,buy,market,83034352
103598.3,0.000202,2025-05-14 04:23:56,1747196636.0801575,sell,market,83034353
103598.3,0.00373053,2025-05-14 04:24:02,1747196642.0039268,sell,limit,83034354
103598.4,0.00090633,2025-05-14 04:24:02,1747196642.7751973,buy,market,83034355
103598.4,3.955e-05,2025-05-14 04:24:21,1747196661.9090154,buy,limit,83034356
103598.4,0.00043089,2025-05-14 04:24:24,1747196664.1956468,buy,market,83034357
103598.4,9.51e-06,2025-05-14 04:24:39,1747196679.586069,buy,limit,83034358
103598.3,3.429e-05,2025-05-14 04:24:49,1747196689.0422559,sell,limit,83034359
103598.4,0.00020866,2025-05-14 04:25:02,1747196702.17707,buy,market,83034360
103598.4,0.00010246,2025-05-14 04:25:04,1747196704.130525,buy,market,83034361
103598.3,1.67769477,2025-05-14 04:25:08,1747196708.2965124,sell,limit,83034362
103598.4,0.00143487,2025-05-14 04:25:08,1747196708.6053631,buy,market,83034363
103598.4,0.00189733,2025-05-14 04:25:12,1747196712.5853171,buy,limit,83034364
103598.4,0.00070732,2025-05-14 04:25:22,1747196722.403723,buy,limit,83034372
103598.4,0.00047,2025-05-14 04:25:22,1747196722.403723,buy,limit,83034369
103598.4,0.00022,2025-05-14 04:25:22,1747196722.403723,buy,limit,83034370
103598.4,0.00161999,2025-05-14 04:25:22,1747196722.403723,buy,limit,83034365
103598.4,0.00021592,2025-05-14 04:25:22,1747196722.403723,buy,limit,83034366
103598.4,0.0009,2025-05-14 04:25:22,1747196722.403723,buy,limit,83034368
103598.4,0.003,2025-05-14 04:25:22,1747196722.403723,buy,limit,83034367
103598.4,0.0001,2025-05-14 04:25:22,1747196722.403723,buy,limit,83034371
103598.3,0.00055001,2025-05-14 04:25:23,1747196723.1443675,sell,limit,83034373
103598.4,0.0019,2025-05-14 04:25:24,1747196724.4284632,buy,market,83034375
103598.4,0.00073268,2025-05-14 04:25:24,1747196724.4284632,buy,market,83034374
103598.4,0.00163,2025-05-14 04:25:24,1747196724.4284632,buy,market,83034377
103598.4,0.0002519,2025-05-14 04:25:24,1747196724.4284632,buy,market,83034376
103598.4,9.553e-05,2025-05-14 04:25:24,1747196724.4284632,buy,market,83034378
103598.4,0.00528447,2025-05-14 04:25:27,1747196727.7607572,buy,limit,83034379
103598.4,0.00013749,2025-05-14 04:25:27,1747196727.7607572,buy,limit,83034380
103608.9,2.851e-05,2025-05-14 04:25:33,1747196733.059335,sell,limit,83034381
103608.9,0.0004292,2025-05-14 04:25:33,1747196733.9721005,sell,market,83034382
103608.9,2.866e-05,2025-05-14 04:25:49,1747196749.8412323,sell,limit,83034383
103609.0,1.262e-05,2025-05-14 04:25:53,1747196753.5832114,buy,limit,83034384
103608.9,0.000536,2025-05-14 04:25:53,1747196753.7084093,sell,limit,83034385
103609.0,7.561e-05,2025-05-14 04:26:02,1747196762.705032,buy,market,83034387
103609.0,3.805e-05,2025-05-14 04:26:02,1747196762.705032,buy,market,83034386
103619.9,5.067e-05,2025-05-14 04:26:02,1747196762.705032,buy,market,83034388
103629.9,3.226e-05,2025-05-14 04:26:02,1747196762.705032,buy,market,83034389
103629.9,0.00010041,2025-05-14 04:26:05,1747196765.564175,buy,market,83034390
103629.8,0.00086209,2025-05-14 04:26:08,1747196768.6179285,sell,market,83034391
103629.9,0.00564862,2025-05-14 04:26:16,1747196776.2966552,buy,limit,83034392
103629.9,0.00022636,2025-05-14 04:26:21,1747196781.5540984,buy,limit,83034393
103629.9,0.00019203,2025-05-14 04:26:27,1747196787.0363383,buy,limit,83034394
103629.8,0.0002175,2025-05-14 04:26:27,1747196787.654807,sell,limit,83034395
103629.8,0.00032441,2025-05-14 04:26:38,1747196798.6702569,sell,limit,83034396
103629.9,8.908e-05,2025-05-14 04:27:13,1747196833.6645904,buy,limit,83034397
103629.9,4.801e-05,2025-05-14 04:27:17,1747196837.0404675,buy,limit,83034398
103629.9,0.00761896,2025-05-14 04:28:00,1747196880.040922,buy,market,83034399
103629.9,0.00015897,2025-05-14 04:28:01,1747196881.1577652,buy,market,83034400
103629.9,0.00155554,2025-05-14 04:28:22,1747196902.5033681,buy,limit,83034401
103629.9,0.03432976,2025-05-14 04:28:29,1747196909.6925106,buy,market,83034402
103651.9,0.03321558,2025-05-14 04:28:29,1747196909.6925108,buy,market,83034407
103636.7,0.00177297,2025-05-14 04:28:29,1747196909.6925108,buy,market,83034405
103642.0,5.066e-05,2025-05-14 04:28:29,1747196909.6925108,buy,market,83034406
103631.0,5.066e-05,2025-05-14 04:28:29,1747196909.6925108,buy,market,83034404
103666.6,0.07798753,2025-05-14 04:28:29,1747196909.6925108,buy,market,83034411
103653.0,5.065e-05,2025-05-14 04:28:29,1747196909.6925108,buy,market,83034409
103664.0,5.064e-05,2025-05-14 04:28:29,1747196909.6925108,buy,market,83034410
103652.0,0.0020411,2025-05-14 04:28:29,1747196909.6925108,buy,market,83034408
103629.9,0.00045045,2025-05-14 04:28:29,1747196909.6925108,buy,market,83034403
103666.4,0.00564862,2025-05-14 04:28:32,1747196912.6797535,sell,limit,83034412
103666.4,0.001037,2025-05-14 04:28:55,1747196935.8007653,sell,market,83034413
103666.5,0.00950376,2025-05-14 04:28:58,1747196938.2327902,buy,limit,83034414
103666.5,0.00049618,2025-05-14 04:29:00,1747196940.7780879,buy,limit,83034415
103666.5,0.00041618,2025-05-14 04:29:00,1747196940.7780879,buy,limit,83034416
103666.5,0.00277016,2025-05-14 04:29:16,1747196956.2725806,buy,limit,83034417
103666.5,0.00022628,2025-05-14 04:29:18,1747196958.9804068,buy,limit,83034418
103666.4,0.000631,2025-05-14 04:29:19,1747196959.8004549,sell,market,83034419
103666.5,0.00023487,2025-05-14 04:29:30,1747196970.582157,buy,market,83034420
103666.5,9.411e-05,2025-05-14 04:29:30,1747196970.593828,buy,limit,83034421
103666.5,0.0045173,2025-05-14 04:29:46,1747196986.2149017,buy,limit,83034422
103666.4,0.000191,2025-05-14 04:30:10,1747197010.4935958,sell,market,83034423
103666.4,0.00500435,2025-05-14 04:30:16,1747197016.155585,sell,market,83034424
103666.5,0.00024809,2025-05-14 04:30:17,1747197017.503483,buy,limit,83034425
103666.5,0.00216107,2025-05-14 04:30:17,1747197017.503483,buy,limit,83034427
103666.5,0.00047033,2025-05-14 04:30:17,1747197017.503483,buy,limit,83034426
103666.4,0.000232,2025-05-14 04:30:19,1747197019.9700446,sell,market,83034428
103666.5,0.00018237,2025-05-14 04:30:34,1747197034.834598,buy,limit,83034429
103666.4,0.000248,2025-05-14 04:30:39,1747197039.5939252,sell,market,83034430
103666.5,0.00038015,2025-05-14 04:30:52,1747197052.288145,buy,limit,83034431
103666.4,0.000556,2025-05-14 04:31:18,1747197078.6685905,sell,market,83034432
103666.5,0.00095038,2025-05-14 04:31:21,1747197081.0489297,buy,limit,83034433
103666.5,0.00086889,2025-05-14 04:31:22,1747197082.1025333,buy,limit,83034434
103666.4,0.000297,2025-05-14 04:31:40,1747197100.4379902,sell,market,83034435
103666.4,0.0001,2025-05-14 04:32:07,1747197127.8460977,sell,limit,83034437
103666.4,6.482e-05,2025-05-14 04:32:07,1747197127.8460977,sell,limit,83034436
103666.4,7.144e-05,2025-05-14 04:32:07,1747197127.8460977,sell,limit,83034438
103666.4,0.00024129,2025-05-14 04:32:07,1747197127.8615534,sell,limit,83034439
103666.4,6.288e-05,2025-05-14 04:32:07,1747197127.8885193,sell,limit,83034440
103666.4,0.00077221,2025-05-14 04:32:08,1747197128.7027388,sell,limit,83034441
103666.5,0.00121795,2025-05-14 04:32:12,1747197132.5431879,buy,limit,83034442
103666.5,0.03471997,2025-05-14 04:32:12,1747197132.5431879,buy,limit,83034443
103612.3,0.07517034,2025-05-14 04:32:24,1747197144.4186795,sell,market,83034455
103629.8,0.00085863,2025-05-14 04:32:24,1747197144.4186795,sell,market,83034453
103620.0,5.066e-05,2025-05-14 04:32:24,1747197144.4186795,sell,market,83034454
103666.4,0.00036936,2025-05-14 04:32:24,1747197144.4186795,sell,market,83034446
103666.4,0.00489386,2025-05-14 04:32:24,1747197144.4186795,sell,market,83034447
103666.4,0.001,2025-05-14 04:32:24,1747197144.4186795,sell,market,83034445
103666.4,0.01885218,2025-05-14 04:32:24,1747197144.4186795,sell,market,83034444
103653.0,5.064e-05,2025-05-14 04:32:24,1747197144.4186795,sell,market,83034449
103666.4,0.0001,2025-05-14 04:32:24,1747197144.4186795,sell,market,83034448
103631.0,5.066e-05,2025-05-14 04:32:24,1747197144.4186795,sell,market,83034451
103629.8,0.00385989,2025-05-14 04:32:24,1747197144.4186795,sell,market,83034452
103642.0,5.065e-05,2025-05-14 04:32:24,1747197144.4186795,sell,market,83034450
103612.4,0.01158606,2025-05-14 04:32:31,1747197151.3009427,buy,market,83034456
103612.3,0.00032957,2025-05-14 04:32:31,1747197151.9243498,sell,limit,83034457
103612.3,0.0010713,2025-05-14 04:32:41,1747197161.9400682,sell,market,83034458
103612.3,0.00096463,2025-05-14 04:32:53,1747197173.6115978,sell,limit,83034459
103612.4,0.00036733,2025-05-14 04:32:53,1747197173.6634932,buy,limit,83034460
103612.3,0.000243,2025-05-14 04:33:16,1747197196.0692732,sell,market,83034461
103612.3,0.00044912,2025-05-14 04:33:47,1747197227.299497,sell,market,83034462
103612.3,0.08845088,2025-05-14 04:33:47,1747197227.299497,sell,market,83034465
103612.3,0.001,2025-05-14 04:33:47,1747197227.299497,sell,market,83034464
103612.3,0.0001,2025-05-14 04:33:47,1747197227.299497,sell,market,83034463
103612.4,9.75e-06,2025-05-14 04:33:48,1747197228.7069986,buy,limit,83034466
103612.4,0.0027165,2025-05-14 04:33:58,1747197238.1589599,buy,limit,83034467
103612.3,0.001239,2025-05-14 04:33:59,1747197239.3661337,sell,market,83034468
103612.4,9.416e-05,2025-05-14 04:34:18,1747197258.0584698,buy,limit,83034469
103612.3,0.008972,2025-05-14 04:34:20,1747197260.8929284,sell,market,83034470
103612.3,0.001247,2025-05-14 04:34:21,1747197261.191275,sell,market,83034471
103612.4,0.00020919,2025-05-14 04:34:24,1747197264.9462032,buy,limit,83034472
103612.4,0.002,2025-05-14 04:34:57,1747197297.7222695,buy,limit,83034473
103612.4,9.51e-06,2025-05-14 04:35:09,1747197309.0399451,buy,limit,83034474
103612.4,0.00237262,2025-05-14 04:35:25,1747197325.2015982,buy,market,83034475
103612.3,0.00386054,2025-05-14 04:35:26,1747197326.227176,sell,market,83034476
103612.3,4.958e-05,2025-05-14 04:35:36,1747197336.6701767,sell,limit,83034477
103612.3,0.12189185,2025-05-14 04:35:37,1747197337.3577383,sell,market,83034478
103612.4,0.00228231,2025-05-14 04:35:39,1747197339.4433815,buy,limit,83034479
103631.1,5.066e-05,2025-05-14 04:35:41,1747197341.2586029,buy,limit,83034480
103631.1,4.757e-05,2025-05-14 04:35:41,1747197341.2586029,buy,limit,83034481
103631.0,0.00074144,2025-05-14 04:35:42,1747197342.364169,sell,limit,83034482
103631.1,0.00381347,2025-05-14 04:35:46,1747197346.2270763,buy,limit,83034483
103642.1,5.066e-05,2025-05-14 04:35:51,1747197351.1406443,buy,limit,83034484
103642.1,0.00115831,2025-05-14 04:35:51,1747197351.1406443,buy,limit,83034485
103653.0,5.065e-05,2025-05-14 04:35:54,1747197354.2053213,buy,limit,83034486
103653.0,0.00135136,2025-05-14 04:35:54,1747197354.2053213,buy,limit,83034487
103663.9,5.064e-05,2025-05-14 04:35:54,1747197354.2931957,buy,limit,83034488
103686.7,5e-05,2025-05-14 04:36:03,1747197363.4916728,buy,market,83034493
103691.0,0.0037232,2025-05-14 04:36:03,1747197363.4916728,buy,market,83034494
103666.5,0.0004223,2025-05-14 04:36:03,1747197363.4916728,buy,market,83034490
103674.9,5.064e-05,2025-05-14 04:36:03,1747197363.4916728,buy,market,83034491
103666.5,0.01439243,2025-05-14 04:36:03,1747197363.4916728,buy,market,83034489
103691.0,0.0013108,2025-05-14 04:36:03,1747197363.4916728,buy,market,83034495
103685.9,5.063e-05,2025-05-14 04:36:03,1747197363.4916728,buy,market,83034492
103691.0,0.0005,2025-05-14 04:36:08,1747197368.0448458,buy,market,83034496
103690.9,0.00197703,2025-05-14 04:36:11,1747197371.008955,sell,limit,83034497
103691.0,0.02,2025-05-14 04:36:11,1747197371.8625343,buy,market,83034498
103690.9,0.00085648,2025-05-14 04:36:22,1747197382.7868354,sell,market,83034499
103691.0,0.01,2025-05-14 04:36:36,1747197396.565001,buy,limit,83034500
103691.0,0.01,2025-05-14 04:36:36,1747197396.565533,buy,limit,83034501
103691.0,0.01,2025-05-14 04:36:36,1747197396.569777,buy,limit,83034502
103691.0,0.01,2025-05-14 04:36:37,1747197397.0658188,buy,limit,83034503
103691.0,0.00026025,2025-05-14 04:36:37,1747197397.489142,buy,limit,83034504
103691.0,0.01882115,2025-05-14 04:36:41,1747197401.789253,buy,limit,83034505
103691.0,0.00044651,2025-05-14 04:36:41,1747197401.8138673,buy,limit,83034507
103691.0,0.12165349,2025-05-14 04:36:41,1747197401.8138673,buy,limit,83034506
103691.0,1.802e-05,2025-05-14 04:36:41,1747197401.8146946,buy,limit,83034508
103697.0,5.063e-05,2025-05-14 04:36:41,1747197401.8162413,buy,limit,83034509
103699.3,0.04192987,2025-05-14 04:36:45,1747197405.2162323,sell,limit,83034510
103699.5,0.0003061,2025-05-14 04:36:45,1747197405.218677,buy,limit,83034516
103699.5,0.0003061,2025-05-14 04:36:45,1747197405.218677,buy,limit,83034513
103699.4,0.00023315,2025-05-14 04:36:45,1747197405.218677,buy,limit,83034512
103699.4,0.00964,2025-05-14 04:36:45,1747197405.218677,buy,limit,83034511
103699.5,0.0003061,2025-05-14 04:36:45,1747197405.218677,buy,limit,83034514
103699.5,0.0003061,2025-05-14 04:36:45,1747197405.218677,buy,limit,83034515
103699.5,0.0003061,2025-05-14 04:36:45,1747197405.2186773,buy,limit,83034518
103699.5,0.0003061,2025-05-14 04:36:45,1747197405.2186773,buy,limit,83034517
103699.5,0.0003061,2025-05-14 04:36:45,1747197405.2186773,buy,limit,83034524
103699.5,0.00017014,2025-05-14 04:36:45,1747197405.2186773,buy,limit,83034525
103699.5,0.0003061,2025-05-14 04:36:45,1747197405.2186773,buy,limit,83034523
103699.5,0.0003061,2025-05-14 04:36:45,1747197405.2186773,buy,limit,83034522
103699.5,0.00094159,2025-05-14 04:36:45,1747197405.2186773,buy,limit,83034526
103699.5,0.00016491,2025-05-14 04:36:45,1747197405.2186773,buy,limit,83034521
103699.5,0.0003061,2025-05-14 04:36:45,1747197405.2186773,buy,limit,83034520
103699.5,0.0003061,2025-05-14 04:36:45,1747197405.2186773,buy,limit,83034519
103707.9,0.00012823,2025-05-14 04:36:45,1747197405.2415633,buy,limit,83034528
103707.9,5.062e-05,2025-05-14 04:36:45,1747197405.2415633,buy,limit,83034527
103719.0,5.062e-05,2025-05-14 04:36:45,1747197405.2415633,buy,limit,83034529
103720.3,0.00082842,2025-05-14 04:36:45,1747197405.5295627,buy,limit,83034530
103720.3,7.052e-05,2025-05-14 04:36:45,1747197405.5295627,buy,limit,83034531
103726.3,0.00074738,2025-05-14 04:36:46,1747197406.4669244,buy,limit,83034532
103726.3,5.015e-05,2025-05-14 04:36:48,1747197408.8320143,buy,limit,83034533
103726.3,0.01819764,2025-05-14 04:36:48,1747197408.9857478,buy,limit,83034534
103726.3,0.01737068,2025-05-14 04:36:49,1747197409.0006142,buy,limit,83034535
103726.3,0.00971509,2025-05-14 04:36:49,1747197409.0310752,buy,limit,83034536
103726.3,5.015e-05,2025-05-14 04:36:49,1747197409.0339525,buy,limit,83034537
103726.3,9.409e-05,2025-05-14 04:36:49,1747197409.5562088,buy,limit,83034538
103726.3,5.011e-05,2025-05-14 04:36:49,1747197409.698103,buy,limit,83034539
103726.3,0.00963509,2025-05-14 04:36:49,1747197409.739443,buy,limit,83034540
103726.3,5.01e-05,2025-05-14 04:36:50,1747197410.1319776,buy,limit,83034541
103730.1,5.061e-05,2025-05-14 04:36:50,1747197410.1343288,buy,limit,83034544
103726.3,0.0243995,2025-05-14 04:36:50,1747197410.1343288,buy,limit,83034543
103726.3,0.22221259,2025-05-14 04:36:50,1747197410.1343288,buy,limit,83034542
103740.9,5.061e-05,2025-05-14 04:36:50,1747197410.1369011,buy,limit,83034545
103751.9,5.06e-05,2025-05-14 04:36:54,1747197414.3079882,buy,limit,83034546
103774.1,5.059e-05,2025-05-14 04:36:58,1747197418.8589907,buy,market,83034548
103763.0,5.06e-05,2025-05-14 04:36:58,1747197418.8589907,buy,market,83034547
103785.0,5.059e-05,2025-05-14 04:36:58,1747197418.8589907,buy,market,83034549
103793.0,0.09733776,2025-05-14 04:36:58,1747197418.858991,buy,market,83034550
103799.6,0.00245988,2025-05-14 04:36:58,1747197418.858991,buy,market,83034552
103796.0,5.058e-05,2025-05-14 04:36:58,1747197418.858991,buy,market,83034551
103800.3,0.00878247,2025-05-14 04:37:11,1747197431.1969547,buy,market,83034553
103800.3,0.00935495,2025-05-14 04:37:11,1747197431.1969547,buy,market,83034554
103800.3,0.00064505,2025-05-14 04:37:15,1747197435.450229,buy,market,83034555
103800.3,0.04,2025-05-14 04:37:15,1747197435.450229,buy,market,83034556
103800.3,0.004,2025-05-14 04:37:15,1747197435.4502292,buy,market,83034557
103800.3,0.05535495,2025-05-14 04:37:15,1747197435.4502292,buy,market,83034558
103800.3,0.00106,2025-05-14 04:37:15,1747197435.5337667,buy,market,83034559
103800.3,0.00032839,2025-05-14 04:37:32,1747197452.270648,buy,limit,83034560
103800.3,0.11127155,2025-05-14 04:37:44,1747197464.946357,buy,market,83034561
103800.3,5e-05,2025-05-14 04:37:53,1747197473.974438,buy,market,83034562
103800.2,0.00493737,2025-05-14 04:37:54,1747197474.522108,sell,limit,83034563
103800.3,9.399e-05,2025-05-14 04:37:59,1747197479.2727199,buy,limit,83034564
103800.2,0.00099161,2025-05-14 04:38:00,1747197480.4280195,sell,market,83034565
103800.3,0.00029699,2025-05-14 04:38:07,1747197487.5677848,buy,limit,83034566
103800.3,0.00421319,2025-05-14 04:38:09,1747197489.4059854,buy,market,83034567
103800.3,0.00374589,2025-05-14 04:38:17,1747197497.253205,buy,limit,83034568
103800.3,0.00095357,2025-05-14 04:38:17,1747197497.253205,buy,limit,83034569
103800.3,6e-05,2025-05-14 04:38:46,1747197526.0846953,buy,market,83034570
103800.3,0.00012524,2025-05-14 04:38:51,1747197531.3345232,buy,market,83034571
103800.3,0.0085042,2025-05-14 04:39:04,1747197544.8337111,buy,market,83034572
103800.3,0.00112968,2025-05-14 04:39:04,1747197544.8337111,buy,market,83034573
103800.3,0.00096339,2025-05-14 04:39:34,1747197574.5754683,buy,market,83034574
103800.2,0.00020958,2025-05-14 04:39:52,1747197592.9963017,sell,limit,83034575
103800.3,5e-05,2025-05-14 04:39:58,1747197598.4804432,buy,limit,83034576
103800.3,0.0041385,2025-05-14 04:40:21,1747197621.6521418,buy,market,83034578
103800.3,0.00034193,2025-05-14 04:40:21,1747197621.6521418,buy,market,83034577
103800.3,0.1,2025-05-14 04:40:26,1747197626.176518,buy,market,83034579
103800.2,0.00277596,2025-05-14 04:40:27,1747197627.4732757,sell,limit,83034582
103800.2,0.001,2025-05-14 04:40:27,1747197627.4732757,sell,limit,83034581
103800.2,0.00155444,2025-05-14 04:40:27,1747197627.4732757,sell,limit,83034580
103800.3,5e-05,2025-05-14 04:40:34,1747197634.6372278,buy,market,83034583
103800.2,0.0001,2025-05-14 04:40:47,1747197647.8028953,sell,market,83034584
103800.2,0.00094142,2025-05-14 04:40:47,1747197647.8028953,sell,market,83034586
103800.2,0.00016158,2025-05-14 04:40:47,1747197647.8028953,sell,market,83034585
103800.2,0.009801,2025-05-14 04:40:48,1747197648.3647952,sell,market,83034587
103800.3,0.00484054,2025-05-14 04:40:48,1747197648.878875,buy,market,83034588
103800.2,0.000117,2025-05-14 04:41:05,1747197665.7194834,sell,market,83034589
103800.3,0.0009586,2025-05-14 04:41:40,1747197700.0423026,buy,limit,83034590
103794.9,0.37531959,2025-05-14 04:41:40,1747197700.698058,sell,limit,83034596
103800.2,0.15687527,2025-05-14 04:41:40,1747197700.698058,sell,limit,83034591
103800.2,0.001,2025-05-14 04:41:40,1747197700.698058,sell,limit,83034592
103800.2,0.0001,2025-05-14 04:41:40,1747197700.698058,sell,limit,83034593
103800.2,0.44494634,2025-05-14 04:41:40,1747197700.698058,sell,limit,83034594
103795.0,5.835e-05,2025-05-14 04:41:40,1747197700.698058,sell,limit,83034595
103800.3,0.00047458,2025-05-14 04:41:49,1747197709.038082,buy,limit,83034597
103800.2,0.0001,2025-05-14 04:41:50,1747197710.2897856,sell,limit,83034598
103796.6,0.02178486,2025-05-14 04:41:50,1747197710.2897859,sell,limit,83034599
103793.1,0.05780291,2025-05-14 04:41:53,1747197713.3923345,buy,limit,83034600
103793.1,0.00091125,2025-05-14 04:42:00,1747197720.5169272,buy,limit,83034601
103793.1,0.01043355,2025-05-14 04:42:02,1747197722.041817,buy,market,83034602
103793.1,0.00013329,2025-05-14 04:42:23,1747197743.762364,buy,limit,83034603
103793.1,0.00015858,2025-05-14 04:42:33,1747197753.7530675,buy,limit,83034604
103793.1,0.00015415,2025-05-14 04:43:09,1747197789.2086906,buy,market,83034605
103793.1,0.00019173,2025-05-14 04:43:42,1747197822.494661,buy,limit,83034606
103793.1,0.00284765,2025-05-14 04:43:55,1747197835.1229527,buy,limit,83034607
103793.0,0.007319,2025-05-14 04:44:06,1747197846.4441664,sell,market,83034608
103793.1,0.00157884,2025-05-14 04:44:41,1747197881.4404395,buy,limit,83034609
103793.1,4.93e-05,2025-05-14 04:44:45,1747197885.8764424,buy,limit,83034610
103793.1,0.00818986,2025-05-14 04:44:45,1747197885.946477,buy,market,83034611
103793.1,0.01135883,2025-05-14 04:44:57,1747197897.8035457,buy,limit,83034612
103793.1,0.00018984,2025-05-14 04:45:03,1747197903.829689,buy,limit,83034613
103793.1,0.00018215,2025-05-14 04:45:03,1747197903.8769753,buy,limit,83034614
103793.1,0.00190933,2025-05-14 04:45:07,1747197907.272448,buy,limit,83034615
103793.0,0.0001,2025-05-14 04:45:08,1747197908.815922,sell,limit,83034616
103793.0,0.001,2025-05-14 04:45:08,1747197908.815922,sell,limit,83034617
103793.0,0.00021993,2025-05-14 04:45:08,1747197908.815922,sell,limit,83034618
103793.1,0.00081229,2025-05-14 04:45:16,1747197916.9059992,buy,market,83034619
103793.1,0.00013238,2025-05-14 04:45:19,1747197919.0049756,buy,limit,83034620
103793.0,0.0045173,2025-05-14 04:46:14,1747197974.859779,sell,limit,83034621
103793.0,0.00330464,2025-05-14 04:46:15,1747197975.4405286,sell,limit,83034622
103793.0,0.00179536,2025-05-14 04:46:15,1747197975.4405286,sell,limit,83034625
103793.0,0.001,2025-05-14 04:46:15,1747197975.4405286,sell,limit,83034624
103793.0,0.0001,2025-05-14 04:46:15,1747197975.4405286,sell,limit,83034623
103793.1,0.03770672,2025-05-14 04:46:21,1747197981.2964666,buy,limit,83034626
103793.1,0.00926096,2025-05-14 04:46:21,1747197981.2964666,buy,limit,83034627
103793.1,0.89938564,2025-05-14 04:46:21,1747197981.2964668,buy,limit,83034635
103793.1,0.0259,2025-05-14 04:46:21,1747197981.2964668,buy,limit,83034634
103793.1,0.2565,2025-05-14 04:46:21,1747197981.2964668,buy,limit,83034637
103793.1,0.2556,2025-05-14 04:46:21,1747197981.2964668,buy,limit,83034636
103793.1,0.24644878,2025-05-14 04:46:21,1747197981.2964668,buy,limit,83034642
103793.1,1.9272264,2025-05-14 04:46:21,1747197981.2964668,buy,limit,83034640
103793.1,9.634e-05,2025-05-14 04:46:21,1747197981.2964668,buy,limit,83034641
103793.1,0.2504,2025-05-14 04:46:21,1747197981.2964668,buy,limit,83034639
103793.1,0.00798207,2025-05-14 04:46:21,1747197981.2964668,buy,limit,83034643
103793.1,0.135,2025-05-14 04:46:21,1747197981.2964668,buy,limit,83034630
103793.1,0.006,2025-05-14 04:46:21,1747197981.2964668,buy,limit,83034629
103793.1,0.00524064,2025-05-14 04:46:21,1747197981.2964668,buy,limit,83034628
103793.1,2.40863795,2025-05-14 04:46:21,1747197981.2964668,buy,limit,83034631
103793.1,0.2525,2025-05-14 04:46:21,1747197981.2964668,buy,limit,83034638
103793.1,0.04,2025-05-14 04:46:21,1747197981.2964668,buy,limit,83034633
103793.1,0.004,2025-05-14 04:46:21,1747197981.2964668,buy,limit,83034632
103795.4,2.40858548,2025-05-14 04:46:21,1747197981.296467,buy,limit,83034647
103798.7,0.250008,2025-05-14 04:46:21,1747197981.296467,buy,limit,83034652
103799.8,0.11325791,2025-05-14 04:46:21,1747197981.296467,buy,limit,83034654
103799.5,0.47887352,2025-05-14 04:46:21,1747197981.296467,buy,limit,83034653
103793.1,0.11325791,2025-05-14 04:46:21,1747197981.296467,buy,limit,83034644
103794.1,2.40861571,2025-05-14 04:46:21,1747197981.296467,buy,limit,83034646
103793.1,0.2531,2025-05-14 04:46:21,1747197981.296467,buy,limit,83034645
103800.0,0.285634,2025-05-14 04:46:21,1747197981.296467,buy,limit,83034655
103796.4,4.81712504,2025-05-14 04:46:21,1747197981.296467,buy,limit,83034648
103798.6,0.03223096,2025-05-14 04:46:21,1747197981.296467,buy,limit,83034649
103798.6,0.04378233,2025-05-14 04:46:21,1747197981.296467,buy,limit,83034650
103798.6,0.15445995,2025-05-14 04:46:21,1747197981.296467,buy,limit,83034651
103800.0,0.001518,2025-05-14 04:46:25,1747197985.7548578,sell,market,83034656
103800.0,0.00017805,2025-05-14 04:46:37,1747197997.852222,sell,limit,83034657
103800.1,9.49e-06,2025-05-14 04:46:48,1747198008.04145,buy,limit,83034658
103800.1,0.000999,2025-05-14 04:46:53,1747198013.1982994,buy,limit,83034659
103800.0,0.001847,2025-05-14 04:47:05,1747198025.1878722,sell,market,83034660
103800.1,0.0009634,2025-05-14 04:47:21,1747198041.2196496,buy,limit,83034661
103800.3,0.00046242,2025-05-14 04:47:43,1747198063.2713528,buy,limit,83034662
103800.5,0.00095,2025-05-14 04:47:43,1747198063.2999003,buy,market,83034664
103800.5,0.0084765,2025-05-14 04:47:43,1747198063.2999003,buy,market,83034663
103816.5,5.5e-05,2025-05-14 04:47:43,1747198063.2999003,buy,market,83034667
103807.0,5.057e-05,2025-05-14 04:47:43,1747198063.2999003,buy,market,83034666
103835.3,0.15006716,2025-05-14 04:47:43,1747198063.2999003,buy,market,83034672
103818.0,5.057e-05,2025-05-14 04:47:43,1747198063.2999003,buy,market,83034668
103826.0,0.00601,2025-05-14 04:47:43,1747198063.2999003,buy,market,83034669
103828.9,5.056e-05,2025-05-14 04:47:43,1747198063.2999003,buy,market,83034670
103835.2,9.633e-05,2025-05-14 04:47:43,1747198063.2999003,buy,market,83034671
103800.5,0.0002,2025-05-14 04:47:43,1747198063.2999003,buy,market,83034665
103818.0,5.056e-05,2025-05-14 04:47:44,1747198064.7189379,sell,market,83034676
103835.2,0.0019,2025-05-14 04:47:44,1747198064.7189379,sell,market,83034673
103835.2,0.01148443,2025-05-14 04:47:44,1747198064.7189379,sell,market,83034674
103835.2,0.00072464,2025-05-14 04:47:44,1747198064.7189379,sell,market,83034675
103814.6,7.999e-05,2025-05-14 04:47:44,1747198064.718938,sell,market,83034677
103814.5,0.01495438,2025-05-14 04:47:44,1747198064.718938,sell,market,83034678
103814.6,0.00737863,2025-05-14 04:48:09,1747198089.5539465,buy,market,83034679
103814.5,0.0001,2025-05-14 04:48:30,1747198110.0758789,sell,limit,83034681
103814.5,0.001,2025-05-14 04:48:30,1747198110.0758789,sell,limit,83034680
103807.1,0.00192246,2025-05-14 04:48:31,1747198111.6043587,buy,limit,83034682
103807.1,0.0013,2025-05-14 04:48:31,1747198111.8316278,buy,limit,83034683
103807.0,0.0001,2025-05-14 04:48:48,1747198128.6763997,sell,market,83034685
103807.0,5.057e-05,2025-05-14 04:48:48,1747198128.6763997,sell,market,83034684
103807.0,6.443e-05,2025-05-14 04:48:48,1747198128.6763997,sell,market,83034686
103807.0,0.000236,2025-05-14 04:48:49,1747198129.2238307,sell,market,83034687
103807.1,0.00048847,2025-05-14 04:48:59,1747198139.2725384,buy,market,83034688
103807.0,0.0001,2025-05-14 04:49:15,1747198155.5402794,sell,market,83034689
103800.5,0.00040408,2025-05-14 04:49:15,1747198155.5402796,sell,market,83034691
103807.0,0.001,2025-05-14 04:49:15,1747198155.5402796,sell,market,83034690
103800.5,0.000481,2025-05-14 04:49:26,1747198166.0223758,sell,market,83034692
103796.0,5.057e-05,2025-05-14 04:49:26,1747198166.8523078,sell,market,83034698
103800.5,0.0001,2025-05-14 04:49:26,1747198166.8523078,sell,market,83034695
103800.5,0.00874492,2025-05-14 04:49:26,1747198166.8523078,sell,market,83034693
103800.5,0.001,2025-05-14 04:49:26,1747198166.8523078,sell,market,83034696
103800.0,0.00048169,2025-05-14 04:49:26,1747198166.8523078,sell,market,83034697
103788.9,0.00572282,2025-05-14 04:49:26,1747198166.8523078,sell,market,83034699
103800.5,0.0004,2025-05-14 04:49:26,1747198166.8523078,sell,market,83034694
103788.9,0.01184,2025-05-14 04:49:30,1747198170.2913153,sell,market,83034700
103789.0,9.634e-05,2025-05-14 04:49:35,1747198175.7239885,buy,limit,83034701
103789.0,0.03786959,2025-05-14 04:49:35,1747198175.7239885,buy,limit,83034702
103789.0,0.00047463,2025-05-14 04:49:43,1747198183.4212441,buy,limit,83034703
103789.0,0.00385397,2025-05-14 04:49:43,1747198183.7789435,buy,market,83034704
103789.0,0.00728893,2025-05-14 04:49:50,1747198190.734678,buy,limit,83034705
103789.0,0.0019174,2025-05-14 04:50:02,1747198202.0420418,buy,limit,83034706
103788.9,0.001,2025-05-14 04:50:06,1747198206.0576837,sell,market,83034708
103785.0,5.058e-05,2025-05-14 04:50:06,1747198206.0576837,sell,market,83034709
103779.3,0.00055842,2025-05-14 04:50:06,1747198206.0576837,sell,market,83034710
103788.9,0.0001,2025-05-14 04:50:06,1747198206.0576837,sell,market,83034707
103779.4,0.00015552,2025-05-14 04:50:06,1747198206.4582384,buy,market,83034711
103779.3,0.017,2025-05-14 04:50:07,1747198207.5919993,sell,market,83034712
103779.3,0.000351,2025-05-14 04:50:14,1747198214.0048013,sell,market,83034713
103779.4,0.00191758,2025-05-14 04:50:18,1747198218.0445452,buy,limit,83034714
103779.3,0.0511,2025-05-14 04:50:24,1747198224.2328517,sell,market,83034715
103779.4,1.279e-05,2025-05-14 04:50:31,1747198231.369537,buy,limit,83034716
103779.3,0.00029202,2025-05-14 04:50:38,1747198238.0200076,sell,limit,83034717
103779.3,0.00013788,2025-05-14 04:51:21,1747198281.2963588,sell,market,83034718
103779.3,0.010751,2025-05-14 04:51:26,1747198286.7206178,sell,market,83034719
103779.4,0.00047004,2025-05-14 04:51:31,1747198291.839074,buy,limit,83034720
103779.3,0.003389,2025-05-14 04:51:53,1747198313.0515506,sell,market,83034721
103779.3,0.010874,2025-05-14 04:51:53,1747198313.3441958,sell,market,83034722
103779.4,0.00125115,2025-05-14 04:52:01,1747198321.434079,buy,market,83034723
103779.4,0.00160339,2025-05-14 04:52:02,1747198322.5266457,buy,limit,83034724
103779.3,0.001,2025-05-14 04:52:11,1747198331.1339316,sell,market,83034727
103779.3,0.00184668,2025-05-14 04:52:11,1747198331.1339316,sell,market,83034725
103779.3,0.0001,2025-05-14 04:52:11,1747198331.1339316,sell,market,83034726
103774.0,5.059e-05,2025-05-14 04:52:11,1747198331.1339319,sell,market,83034729
103779.3,0.00065978,2025-05-14 04:52:11,1747198331.1339319,sell,market,83034728
103772.9,0.00016495,2025-05-14 04:52:11,1747198331.1339319,sell,market,83034730
103772.9,0.0049505,2025-05-14 04:52:22,1747198342.1233861,sell,limit,83034731
103773.0,0.00084372,2025-05-14 04:52:27,1747198347.759024,buy,limit,83034733
103773.0,9.636e-05,2025-05-14 04:52:27,1747198347.759024,buy,limit,83034732
103772.9,0.004116,2025-05-14 04:52:34,1747198354.2138972,sell,market,83034734
103772.9,2.3e-05,2025-05-14 04:52:48,1747198368.0839052,sell,market,83034736
103772.9,0.0001,2025-05-14 04:52:48,1747198368.0839052,sell,market,83034735
103763.1,0.00092999,2025-05-14 04:53:01,1747198381.2232177,buy,market,83034738
103763.1,9.637e-05,2025-05-14 04:53:01,1747198381.2232177,buy,market,83034737
103763.1,9.589e-05,2025-05-14 04:53:16,1747198396.1534898,buy,limit,83034739
103763.0,5.059e-05,2025-05-14 04:53:17,1747198397.1383543,sell,limit,83034740
103763.0,0.001,2025-05-14 04:53:17,1747198397.1383543,sell,limit,83034741
103763.0,2.41e-06,2025-05-14 04:53:17,1747198397.1383543,sell,limit,83034742
103763.0,9.759e-05,2025-05-14 04:53:17,1747198397.189862,sell,limit,83034743
103763.0,0.00095541,2025-05-14 04:53:17,1747198397.189862,sell,limit,83034744
103763.1,8.985e-05,2025-05-14 04:53:19,1747198399.1614633,buy,limit,83034745
103763.1,6.937e-05,2025-05-14 04:53:19,1747198399.8163843,buy,limit,83034746
103763.1,0.00757727,2025-05-14 04:53:22,1747198402.796705,buy,limit,83034747
103763.0,0.00024978,2025-05-14 04:53:23,1747198403.440745,sell,market,83034748
103763.0,0.000203,2025-05-14 04:53:31,1747198411.0851402,sell,market,83034749
103763.0,0.0019802,2025-05-14 04:53:33,1747198413.0748253,sell,limit,83034750
103763.0,0.00050137,2025-05-14 04:53:37,1747198417.604197,sell,market,83034751
103763.0,0.00481867,2025-05-14 04:53:40,1747198420.08114,sell,market,83034752
103763.1,0.00658097,2025-05-14 04:53:41,1747198421.3617141,buy,limit,83034753
103762.9,0.00067932,2025-05-14 04:53:52,1747198432.4291449,sell,market,83034757
103763.0,0.0001,2025-05-14 04:53:52,1747198432.4291449,sell,market,83034754
103763.0,0.0001,2025-05-14 04:53:52,1747198432.4291449,sell,market,83034756
103763.0,0.001,2025-05-14 04:53:52,1747198432.4291449,sell,market,83034755
103763.0,0.00108053,2025-05-14 04:54:01,1747198441.2004368,buy,market,83034758
103763.0,0.00187932,2025-05-14 04:54:19,1747198459.641076,buy,market,83034759
103763.0,0.00047475,2025-05-14 04:54:26,1747198466.9173894,buy,limit,83034760
103763.0,0.00059163,2025-05-14 04:54:29,1747198469.9551349,buy,limit,83034761
103752.0,5.06e-05,2025-05-14 04:54:38,1747198478.3942795,sell,limit,83034765
103762.9,0.0001,2025-05-14 04:54:38,1747198478.3942795,sell,limit,83034763
103762.9,0.001,2025-05-14 04:54:38,1747198478.3942795,sell,limit,83034764
103742.5,0.0036267,2025-05-14 04:54:38,1747198478.3942795,sell,limit,83034766
103762.9,0.0001732,2025-05-14 04:54:38,1747198478.3942795,sell,limit,83034762
103742.5,0.00011682,2025-05-14 04:54:38,1747198478.3945403,sell,market,83034767
103742.6,9.589e-05,2025-05-14 04:54:39,1747198479.2538636,buy,limit,83034768
103742.6,0.0028448,2025-05-14 04:54:43,1747198483.978791,buy,limit,83034769
103742.6,5.784e-05,2025-05-14 04:55:01,1747198501.721444,buy,market,83034770
103742.6,0.00137599,2025-05-14 04:55:02,1747198502.0765424,buy,market,83034771
103742.5,1.961e-05,2025-05-14 04:55:33,1747198533.2758954,sell,limit,83034772
103742.5,0.00029178,2025-05-14 04:55:41,1747198541.3987606,sell,market,83034774
103742.5,8.039e-05,2025-05-14 04:55:41,1747198541.3987606,sell,market,83034773
103742.5,0.00029814,2025-05-14 04:55:51,1747198551.591966,sell,limit,83034776
103742.5,0.0001,2025-05-14 04:55:51,1747198551.591966,sell,limit,83034777
103742.5,0.00070822,2025-05-14 04:55:51,1747198551.591966,sell,limit,83034775
103741.0,5.06e-05,2025-05-14 04:55:51,1747198551.5919662,sell,limit,83034778
103737.1,0.0001,2025-05-14 04:56:09,1747198569.2617767,sell,limit,83034779
103737.1,0.001,2025-05-14 04:56:09,1747198569.2617767,sell,limit,83034780
103737.1,0.0038505,2025-05-14 04:56:09,1747198569.2617767,sell,limit,83034781
103737.2,0.00094046,2025-05-14 04:56:12,1747198572.1342866,buy,limit,83034782
103737.2,0.02005915,2025-05-14 04:56:15,1747198575.1041794,buy,market,83034783
103737.1,0.00010603,2025-05-14 04:56:22,1747198582.267958,sell,market,83034784
103737.1,0.019843,2025-05-14 04:56:32,1747198592.455109,sell,market,83034785
103737.2,0.00040393,2025-05-14 04:56:48,1747198608.0581203,buy,limit,83034787
103737.2,9.639e-05,2025-05-14 04:56:48,1747198608.0581203,buy,limit,83034786
103737.1,0.001243,2025-05-14 04:56:53,1747198613.840371,sell,market,83034788
103737.1,0.08823268,2025-05-14 04:57:00,1747198620.3482249,sell,limit,83034789
103737.1,0.00301106,2025-05-14 04:57:01,1747198621.6420777,sell,limit,83034790
103737.1,0.0049505,2025-05-14 04:57:08,1747198628.1033792,sell,limit,83034791
103737.1,0.000141,2025-05-14 04:57:12,1747198632.1591456,sell,market,83034792
103737.1,0.001788,2025-05-14 04:57:12,1747198632.7559862,sell,market,83034793
103737.1,0.00049404,2025-05-14 04:57:14,1747198634.3398097,sell,limit,83034794
103737.1,0.00209055,2025-05-14 04:57:14,1747198634.4738145,sell,limit,83034795
103737.1,0.003943,2025-05-14 04:57:32,1747198652.6051254,sell,market,83034796
103737.1,0.00487285,2025-05-14 04:57:41,1747198661.557728,sell,market,83034797
103737.1,0.0001,2025-05-14 04:57:54,1747198674.3310215,sell,market,83034799
103737.1,3.121e-05,2025-05-14 04:57:54,1747198674.3310215,sell,market,83034801
103737.1,0.00043379,2025-05-14 04:57:54,1747198674.3310215,sell,market,83034798
103737.1,0.001,2025-05-14 04:57:54,1747198674.3310215,sell,market,83034800
103737.2,0.00284837,2025-05-14 04:58:01,1747198681.089978,buy,market,83034802
103737.1,0.00086279,2025-05-14 04:58:07,1747198687.6835783,sell,limit,83034804
103737.1,9.221e-05,2025-05-14 04:58:07,1747198687.6835783,sell,limit,83034803
103737.2,2.733e-05,2025-05-14 04:58:31,1747198711.4540884,buy,limit,83034805
103737.1,0.000529,2025-05-14 04:58:32,1747198712.3236408,sell,market,83034807
103737.1,0.0001,2025-05-14 04:58:32,1747198712.3236408,sell,market,83034806
103737.1,0.000213,2025-05-14 04:58:32,1747198712.6661005,sell,market,83034808
103737.2,8.899e-05,2025-05-14 04:58:39,1747198719.6432006,buy,limit,83034809
103730.0,5.061e-05,2025-05-14 04:58:47,1747198727.4937735,sell,limit,83034812
103723.8,0.00022485,2025-05-14 04:58:47,1747198727.4937735,sell,limit,83034813
103737.1,0.0001,2025-05-14 04:58:47,1747198727.4937735,sell,limit,83034810
103737.1,0.001,2025-05-14 04:58:47,1747198727.4937735,sell,limit,83034811
103723.8,0.0001,2025-05-14 04:59:15,1747198755.7053077,sell,market,83034814
103723.8,0.0001,2025-05-14 04:59:15,1747198755.7053077,sell,market,83034814
103723.8,0.001,2025-05-14 04:59:15,1747198755.7053077,sell,market,83034815
103723.8,0.004583,2025-05-14 04:59:15,1747198755.7053077,sell,market,83034816
103723.8,0.00029814,2025-05-14 04:59:23,1747198763.4212997,sell,limit,83034817
103723.9,0.0001711,2025-05-14 04:59:27,1747198767.6715317,buy,limit,83034818
103723.9,7.506e-05,2025-05-14 04:59:27,1747198767.6715317,buy,limit,83034819
103723.9,0.00027185,2025-05-14 04:59:31,1747198771.4703522,buy,limit,83034820
103723.9,0.0964098,2025-05-14 04:59:43,1747198783.1433115,buy,market,83034821
103723.9,0.00018997,2025-05-14 05:00:00,1747198800.0399616,buy,limit,83034822
103723.9,1.9e-05,2025-05-14 05:00:00,1747198800.0492938,buy,limit,83034823
103723.9,0.0001439,2025-05-14 05:00:00,1747198800.1176915,buy,limit,83034824
103723.9,0.00071239,2025-05-14 05:00:00,1747198800.1455615,buy,limit,83034825
103723.9,0.00094985,2025-05-14 05:00:00,1747198800.2267928,buy,limit,83034826
103723.9,4.749e-05,2025-05-14 05:00:00,1747198800.31803,buy,limit,83034827
103723.9,0.01152715,2025-05-14 05:00:01,1747198801.0157773,buy,market,83034828
103737.2,0.05811164,2025-05-14 05:00:01,1747198801.0157773,buy,market,83034829
103737.2,5.785e-05,2025-05-14 05:00:01,1747198801.8195302,buy,market,83034830
103737.2,8.9e-05,2025-05-14 05:00:02,1747198802.5776575,buy,limit,83034831
103737.2,0.06736788,2025-05-14 05:00:03,1747198803.947415,buy,market,83034832
103738.0,0.01496713,2025-05-14 05:00:12,1747198812.7610815,buy,limit,83034833
103741.0,5.061e-05,2025-05-14 05:00:15,1747198815.4553647,buy,market,83034836
103738.0,0.018,2025-05-14 05:00:15,1747198815.4553647,buy,market,83034835
103738.0,0.11632546,2025-05-14 05:00:15,1747198815.4553647,buy,market,83034834
103751.9,5.06e-05,2025-05-14 05:00:15,1747198815.455365,buy,market,83034839
103754.5,0.47444284,2025-05-14 05:00:15,1747198815.455365,buy,market,83034840
103742.6,0.00964888,2025-05-14 05:00:15,1747198815.455365,buy,market,83034837
103751.8,0.00798315,2025-05-14 05:00:15,1747198815.455365,buy,market,83034838
103762.9,0.000193,2025-05-14 05:00:25,1747198825.6738424,sell,limit,83034841
103763.0,0.00047947,2025-05-14 05:00:55,1747198855.0899014,buy,limit,83034842
103763.0,0.0001389,2025-05-14 05:00:55,1747198855.656256,buy,market,83034844
103763.0,0.00057438,2025-05-14 05:00:55,1747198855.656256,buy,market,83034843
103763.0,0.00023737,2025-05-14 05:01:05,1747198865.4069169,buy,limit,83034845
103763.0,0.00028485,2025-05-14 05:01:16,1747198876.3365254,buy,limit,83034846
103762.9,0.0001,2025-05-14 05:01:19,1747198879.2531807,sell,market,83034847
103762.9,0.000939,2025-05-14 05:01:19,1747198879.2531807,sell,market,83034848
103763.0,0.00347915,2025-05-14 05:01:19,1747198879.8491483,buy,limit,83034849
103763.0,0.00798168,2025-05-14 05:01:19,1747198879.8491483,buy,limit,83034850
103763.0,0.00268575,2025-05-14 05:01:20,1747198880.0440898,sell,limit,83034852
103763.0,0.00432976,2025-05-14 05:01:20,1747198880.0440898,sell,limit,83034851
103774.1,5.059e-05,2025-05-14 05:01:24,1747198884.6511886,buy,limit,83034854
103763.1,5.06e-05,2025-05-14 05:01:24,1747198884.6511886,buy,limit,83034853
103775.9,0.00037356,2025-05-14 05:01:24,1747198884.6511886,buy,limit,83034855
103776.6,0.0001,2025-05-14 05:02:03,1747198923.3060086,sell,limit,83034856
103776.6,0.00034722,2025-05-14 05:02:03,1747198923.3060086,sell,limit,83034857
103776.7,0.00286207,2025-05-14 05:02:26,1747198946.3475127,buy,limit,83034858
103779.2,0.000932,2025-05-14 05:02:34,1747198954.9578488,sell,market,83034859
103779.2,0.000266,2025-05-14 05:02:58,1747198978.7552423,sell,market,83034860
103779.2,0.001593,2025-05-14 05:02:59,1747198979.074286,sell,market,83034861
103779.3,0.00013788,2025-05-14 05:03:08,1747198988.2626283,buy,limit,83034862
103779.4,0.00108233,2025-05-14 05:03:08,1747198988.2626283,buy,limit,83034863
103796.0,5.058e-05,2025-05-14 05:03:09,1747198989.696677,buy,limit,83034866
103796.8,0.01358198,2025-05-14 05:03:09,1747198989.696677,buy,limit,83034867
103779.4,0.00131685,2025-05-14 05:03:09,1747198989.696677,buy,limit,83034864
103785.0,5.059e-05,2025-05-14 05:03:09,1747198989.696677,buy,limit,83034865
103800.5,0.00963,2025-05-14 05:03:27,1747199007.7864287,buy,limit,83034868
103807.0,5.057e-05,2025-05-14 05:03:27,1747199007.7864287,buy,limit,83034869
103818.0,5.057e-05,2025-05-14 05:03:27,1747199007.786429,buy,limit,83034870
103819.0,0.02340459,2025-05-14 05:03:27,1747199007.786429,buy,limit,83034871
103819.0,0.00541096,2025-05-14 05:03:33,1747199013.644663,buy,market,83034872
103819.0,0.00541096,2025-05-14 05:03:33,1747199013.644663,buy,market,83034872
103819.0,0.00541096,2025-05-14 05:03:33,1747199013.644663,buy,market,83034872
103819.0,0.00541096,2025-05-14 05:03:33,1747199013.644663,buy,market,83034872
103819.0,0.00541096,2025-05-14 05:03:33,1747199013.644663,buy,market,83034872
103819.0,0.00541096,2025-05-14 05:03:33,1747199013.644663,buy,market,83034872
103819.0,0.00541096,2025-05-14 05:03:33,1747199013.644663,buy,market,83034872
103819.0,0.00541096,2025-05-14 05:03:33,1747199013.644663,buy,market,83034872
103829.0,0.00798057,2025-05-14 05:03:52,1747199032.7198813,buy,market,83034873
103829.1,5.056e-05,2025-05-14 05:03:52,1747199032.7198813,buy,market,83034874
103829.7,0.0401247,2025-05-14 05:03:52,1747199032.7198813,buy,market,83034875
